sample_id,scenario,mean_error,mae,rmse,median_absolute_error,q95_absolute_error,correlation
0,clean,0.00043375673479,0.000814583248874,0.000932505119504,0.000847997546619,0.00143774074256,0.999977641684
0,low_iid,-0.00146915073636,0.00236636970131,0.00297708146626,0.00203377150098,0.00579055965622,0.990178793668
0,spatial_corr,-0.00157935719244,0.00249989100831,0.00312930788946,0.00202525837129,0.00611969563195,0.98992297797
0,persistent_factor,-0.00134677944572,0.00237855896738,0.00298548563077,0.00200652540397,0.00578597735289,0.990402014215
1,clean,-0.00298006751332,0.00298006751332,0.00305089957799,0.00290635622645,0.0041610277713,0.999975229392
1,low_iid,-0.00494624010058,0.00494835340879,0.00549527812643,0.0048942848133,0.00853394525088,0.988966496482
1,spatial_corr,-0.00556009855251,0.00559569610135,0.00627570152444,0.00551030495571,0.0109137165958,0.986002975974
1,persistent_factor,-0.00461702493597,0.00461856138091,0.00515695212604,0.00460006013817,0.00799666227353,0.989059211865
2,clean,-0.00335021573137,0.00335021573137,0.00347660123911,0.0032907870655,0.00509338844452,0.999908639009
2,low_iid,-0.00285726670767,0.00306256392136,0.00360819481587,0.00302813695748,0.00636867050769,0.993012732204
2,spatial_corr,-0.00254418096258,0.00343159459996,0.00375341231839,0.00324836481519,0.00642405537813,0.993231424636
2,persistent_factor,-0.00298383614111,0.00324183267068,0.00375866784849,0.00326470492431,0.00647485457207,0.993139181584
3,clean,0.00277731153615,0.00277731153615,0.00291202263489,0.00288215614926,0.00361563567268,0.999688706
3,low_iid,-0.000138624978684,0.0019067910889,0.00228388032176,0.00179088773901,0.0043802924648,0.987595898591
3,spatial_corr,-0.000914748276404,0.00183235355312,0.00213786432326,0.00181927353594,0.00365359841156,0.987151602941
3,persistent_factor,-0.00342192427223,0.00354845159809,0.00413059318247,0.00314659878052,0.00756903337074,0.983198159836
4,clean,0.00300747461113,0.00303483218703,0.00322709896546,0.00339771444548,0.00416172526902,0.999994412276
4,low_iid,0.00224086197974,0.00248844524348,0.0029192870115,0.00235809649997,0.00511083957559,0.995351859929
4,spatial_corr,0.00229471926077,0.00254155345194,0.00297761653034,0.00221513583167,0.00520468333321,0.995233080502
4,persistent_factor,0.00250594392737,0.00269896875102,0.00314539559386,0.00251381716513,0.00534260778372,0.995128803969
5,clean,-0.00106513976859,0.00107626073062,0.00149016580113,0.000773484135143,0.00339514158087,0.999996967916
5,low_iid,-0.00378767804753,0.00384697581662,0.00472590013309,0.00370279112786,0.0092725393244,0.993969226562
5,spatial_corr,-0.00280788162146,0.0033391650779,0.00410688630776,0.00269616417317,0.0082771619605,0.993778502109
5,persistent_factor,-0.00413605768855,0.00415430345287,0.00495969352933,0.0041794065899,0.00934295792414,0.994164985842
6,clean,4.39421201795e-05,0.000944562013408,0.00128455429109,0.000713724405944,0.00262156438578,0.998975822445
6,low_iid,-0.00289962949196,0.0033301198497,0.00395349340406,0.00257970974848,0.00715469652299,0.989651123338
6,spatial_corr,-0.00273369069826,0.00312511122172,0.00374601053499,0.00265167030848,0.00697403914081,0.989539450518
6,persistent_factor,-0.00284970799212,0.00327232514918,0.00386330041256,0.00269898319252,0.00687069756094,0.989708145973
7,clean,-0.00116005196143,0.00116068976072,0.00143553584013,0.000927084131248,0.00287101761495,0.999999972747
7,low_iid,-0.00359697528275,0.00375340714104,0.00440848674145,0.0034679647065,0.00742203161664,0.991700930388
7,spatial_corr,-0.00348963234135,0.00367013363302,0.00430080806504,0.00338716795597,0.00728880419357,0.991466220802
7,persistent_factor,-0.00396697275954,0.00405141232166,0.00472473788969,0.00383293054904,0.00820075901834,0.991352498364
8,clean,-0.00108065279963,0.00108167735799,0.00129807358516,0.000953499693559,0.0024186720625,0.999992456609
8,low_iid,-0.00372951789484,0.00382694075885,0.00461634537576,0.00412653535738,0.00823171192963,0.992458709801
8,spatial_corr,-0.00363061911789,0.00372591023957,0.00444468603434,0.00378163210018,0.00798828984332,0.992258300085
8,persistent_factor,-0.00384726540584,0.00386088998401,0.00457136439357,0.00402271455299,0.00784994165971,0.992421734132
9,clean,-0.00025932318028,0.000568089158625,0.000809139048353,0.000433430693273,0.00176740480977,0.999999545995
9,low_iid,-0.00384131355452,0.00384908271369,0.00449932090052,0.00382246120392,0.00850502281705,0.994117923245
9,spatial_corr,-0.00358972172092,0.00365750828302,0.0043646348908,0.00361985926267,0.00843364507353,0.993571389089
9,persistent_factor,-0.0040122819446,0.00403858727575,0.00473864526703,0.00405903928399,0.00870726661869,0.993859781561
10,clean,-0.0010457197092,0.0010457197092,0.00108770717357,0.00101017234665,0.00157065008025,0.999994672278
10,low_iid,-0.00227224652927,0.00245014777012,0.00293866205223,0.00232187727775,0.00496181906585,0.992673849935
10,spatial_corr,-0.00199892803602,0.00229942308748,0.00279478020105,0.00203637970377,0.00483226931804,0.992497541842
10,persistent_factor,-0.00238455578026,0.00264356099926,0.00315630353805,0.00229919642074,0.00547728765794,0.992690829301
11,clean,-0.00382375960734,0.00382375960734,0.00393407384075,0.00368288835447,0.0055601926129,0.999957370385
11,low_iid,-0.00596201691648,0.00596201691648,0.00629135805432,0.00595620221688,0.00919645129781,0.99178843844
11,spatial_corr,-0.00460123696339,0.00460389046015,0.00508751746545,0.00446580250774,0.00840721903407,0.990290764747
11,persistent_factor,-0.0055875222268,0.0055875222268,0.00607788491114,0.00590286418839,0.00926735272587,0.991771998125
12,clean,-0.00341381236377,0.00341381236377,0.00343829510317,0.00337288653175,0.00404260477142,0.999957956835
12,low_iid,-0.00547082169318,0.00547082169318,0.0058399274242,0.00541324340219,0.00868379357328,0.992072974356
12,spatial_corr,-0.00569364590261,0.00569364590261,0.00607737707241,0.00563235953243,0.00892078154877,0.991309297169
12,persistent_factor,-0.00540352587863,0.00540352587863,0.00581479419263,0.00546262308045,0.00884399844629,0.991624767318
13,clean,-0.000117437695,0.000867436052274,0.00109048290871,0.000754921843193,0.00218376976532,0.999998852694
13,low_iid,-0.00355959289399,0.00357276616573,0.00434122987165,0.00353456817321,0.00841866701118,0.994241508735
13,spatial_corr,-0.00346985958614,0.00354129806093,0.00430881372411,0.00329096394513,0.0086040857919,0.993896264973
13,persistent_factor,-0.00316830611055,0.00323829611149,0.00405160403232,0.0030477687918,0.00841866664772,0.994123035522
14,clean,0.000618028973296,0.00107181302161,0.00125297402899,0.00106887301176,0.00179229025057,0.999980035706
14,low_iid,0.000107936091508,0.0013844778625,0.00178525386785,0.00105782517609,0.00350907028893,0.992396146386
14,spatial_corr,-8.21484056889e-05,0.00144581860466,0.00185622455482,0.00111765429499,0.00365327129162,0.991586557933
14,persistent_factor,-0.000882961008896,0.00184155732295,0.0021978500151,0.00184031343059,0.003725505743,0.992064454295
15,clean,0.00205154325076,0.00234808498422,0.00254169435197,0.00254975839085,0.00354235714625,0.999991519258
15,low_iid,-3.79987335737e-05,0.00163131510528,0.00188885464547,0.00162956483448,0.00332102445963,0.996590833373
15,spatial_corr,-0.00018837421679,0.00163090102448,0.00190895412124,0.0015698740147,0.00344060738793,0.996310230612
15,persistent_factor,0.000110579963925,0.00160456474404,0.0018905884488,0.00148586410874,0.00338190427198,0.996439569447
16,clean,0.00105323379143,0.00149484359657,0.00167082401039,0.0015965614118,0.00233414959046,0.999997257373
16,low_iid,-0.000414283145052,0.00179530713146,0.00220627228071,0.0015278966967,0.00407989006829,0.995721131574
16,spatial_corr,-0.000574247713405,0.00182091589996,0.0022642253757,0.00150311496434,0.00436837430763,0.995613166955
16,persistent_factor,-0.000540859317627,0.0017867606772,0.00223338843351,0.00147558503235,0.0042721966393,0.995789886228
17,clean,0.00290518669773,0.00302886759045,0.00313750584439,0.00329660472682,0.00362271462027,0.999889345994
17,low_iid,-0.00130266612741,0.00214863946979,0.0026939273733,0.00184209726935,0.0051344839692,0.995860777111
17,spatial_corr,-0.00137088868439,0.00211975666144,0.00266405157521,0.00174002717501,0.00508380031913,0.99575061283
17,persistent_factor,-0.00129206216459,0.00205289762142,0.0025796476452,0.00166535062909,0.00493236869372,0.995832832517
18,clean,-0.00129270056786,0.00129270056786,0.00134070085227,0.00122749127201,0.00193550670418,0.999998702352
18,low_iid,-0.00479605476717,0.00479605476717,0.00545449003196,0.0048641739564,0.00989725391799,0.991034256547
18,spatial_corr,-0.0055314145485,0.0055314145485,0.00608161858642,0.00566791075358,0.00997543596793,0.990455685824
18,persistent_factor,-0.00452951383891,0.00453340216812,0.00524012263938,0.00468271636239,0.00940863955626,0.991127801306
19,clean,0.000189887957542,0.000743665038713,0.000898144116579,0.000714914190806,0.00164073617389,0.999984661951
19,low_iid,-0.0022164304538,0.00271478480076,0.00333051318942,0.00211238108622,0.00617891133757,0.99340810372
19,spatial_corr,-0.0024764948385,0.00283258844525,0.00346803575362,0.00238525692233,0.00624903253834,0.993100293016
19,persistent_factor,-0.00187033102435,0.00277135221967,0.00338861078629,0.0023060665086,0.00663330969046,0.992402032595
20,clean,-0.00197890024461,0.00202865003189,0.00219562751777,0.00189032428425,0.00365034707341,0.999700737829
20,low_iid,-0.00542237265783,0.00542237265783,0.00598412900425,0.00560743262279,0.0100740835842,0.988981695409
20,spatial_corr,-0.00513975190983,0.00514239489245,0.0057987770082,0.00529640868032,0.0100349639925,0.988754660267
20,persistent_factor,-0.00450915520363,0.00451489838297,0.00522449312682,0.0045627295097,0.0100349634026,0.989240837088
21,clean,-0.000286305981641,0.000735881304515,0.00106033957662,0.000503143209163,0.00241910946786,0.999928045989
21,low_iid,-0.00156552587595,0.0019328813786,0.0023604176421,0.00188540724184,0.00446833782317,0.992073763632
21,spatial_corr,-0.00183175800708,0.0022148803908,0.00268608481197,0.00200158521013,0.00479393982305,0.991614272641
21,persistent_factor,-0.0020889747574,0.00241175162006,0.00289593001038,0.00222097687723,0.00496380088535,0.991514585362
22,clean,-0.00163798243594,0.00172878996753,0.00197253294156,0.00147524827172,0.00348525096124,0.999559660391
22,low_iid,-0.00230338413095,0.00248729932863,0.00296803600781,0.00252982202472,0.0055681223987,0.990137121052
22,spatial_corr,-0.00227402296435,0.00243626200737,0.00296441703191,0.00228548180153,0.00549468950159,0.989237583834
22,persistent_factor,-0.00178256540952,0.00204399069321,0.00254650321649,0.00176140452147,0.00522067989335,0.990084212321
23,clean,-0.00444805727596,0.00444805727596,0.00446837915562,0.00459846514655,0.00477966424486,0.999820947076
23,low_iid,-0.00706816553086,0.00706816553086,0.00745312246917,0.00730410347012,0.0107971887191,0.991522079274
23,spatial_corr,-0.0071709306518,0.0071709306518,0.00757797684431,0.00739208502236,0.0109612586878,0.99062311377
23,persistent_factor,-0.00706168202419,0.00706168202419,0.00747768932647,0.00728476010965,0.0110757000137,0.990910515522
24,clean,0.000592727166176,0.000592727166176,0.000603808416101,0.000590694940303,0.000760089823417,0.99999574791
24,low_iid,-0.00368677407186,0.00379037545502,0.0044249537586,0.00361267915756,0.00754523036893,0.990915442925
24,spatial_corr,-0.00260265423624,0.00297631712075,0.00349522362866,0.0026314349436,0.00595965147318,0.991979858016
24,persistent_factor,-0.00187067109929,0.00240893809343,0.00289441280364,0.00217580896081,0.00521212504585,0.99175794993
25,clean,-0.00390867021518,0.00390867021518,0.00404621661403,0.00383186360432,0.00576690440555,0.999952886157
25,low_iid,-0.00563968267171,0.00563968267171,0.00605777803671,0.00578358122648,0.0087896701284,0.991057371382
25,spatial_corr,-0.00559163171304,0.00559163171304,0.00603486382877,0.00563999190226,0.00895368391093,0.99039141143
25,persistent_factor,-0.00554409848473,0.00554409848473,0.00601056611577,0.0057047869739,0.00901028519179,0.990394216798
26,clean,0.00169285890225,0.00182574309969,0.00198462607889,0.00203418920873,0.00273419540319,0.99999442307
26,low_iid,-0.00175173037461,0.00221966636717,0.00268148519695,0.00191162789687,0.00453879088877,0.993880721022
26,spatial_corr,-0.000751885120368,0.00196755680597,0.00228326666029,0.00199715484151,0.00387610593919,0.993072561709
26,persistent_factor,-0.000693694603979,0.00195473692731,0.00225310927412,0.00203508355382,0.00366378442535,0.993491971918
27,clean,0.00108200055313,0.00108200055313,0.0010934441192,0.00101751017235,0.00140339710035,0.99999445197
27,low_iid,-0.00267583988734,0.0028048275847,0.00342383377607,0.00287462573567,0.00596563721373,0.995545979268
27,spatial_corr,-0.00274891905097,0.00290029701109,0.00349663780822,0.00294058597563,0.00597069388425,0.995353044937
27,persistent_factor,-0.00234470843189,0.0027967613074,0.003306098773,0.00271090529893,0.00591128266986,0.995505013488
28,clean,-0.00140960410106,0.00141818813635,0.00162329073528,0.00123984256955,0.00293069364073,0.999977708232
28,low_iid,-0.00437859238338,0.00437859238338,0.00495331973559,0.00427170011059,0.00891442024553,0.989917722497
28,spatial_corr,-0.00372506680486,0.00392872548936,0.00462448736665,0.00385341461069,0.00872414978545,0.989366758307
28,persistent_factor,-0.0031097578328,0.00342236132922,0.00409557320773,0.00310205320506,0.00819802858896,0.989839562441
29,clean,0.000969050300414,0.00135431882454,0.00148422404108,0.00147733977448,0.00195698354141,0.999974303633
29,low_iid,-0.00196904776436,0.0024777133314,0.00313655686117,0.00186076735464,0.00703634954809,0.994881406604
29,spatial_corr,-0.00198007353579,0.00242425044585,0.00307004795003,0.00190991575319,0.00672583896011,0.994850658512
29,persistent_factor,-0.00214073008075,0.00267178023849,0.00332089491262,0.00204897551027,0.00740242376967,0.994565906457
30,clean,0.00362201010451,0.00364878129324,0.00389687752613,0.00385945086147,0.00573381410482,0.999428261182
30,low_iid,0.00117601051628,0.001897514435,0.00242396771348,0.00173915497362,0.0046804978945,0.990164203887
30,spatial_corr,0.000757261441268,0.00198552966302,0.00238058858335,0.00181298834535,0.00448442174419,0.988564680061
30,persistent_factor,0.00215465994512,0.0024689325839,0.00292807305996,0.00233922861375,0.00525745313644,0.989809765119
31,clean,-0.00137241992915,0.00137241992915,0.00163835362538,0.00124806618681,0.0030141944306,0.999998554757
31,low_iid,-0.00288291574573,0.00310353759929,0.00373122636318,0.00287911603489,0.00773496993867,0.992342486907
31,spatial_corr,-0.00261569660466,0.00285889044672,0.00346330206343,0.00254922645851,0.00724768898142,0.992319288328
31,persistent_factor,-0.00266673311343,0.0030024908528,0.00360636794298,0.00269709678074,0.00760935843116,0.991794899726
32,clean,-0.00352629327784,0.00352629327784,0.00361645822963,0.00339947242213,0.00498033656657,0.999978211066
32,low_iid,-0.00549856804259,0.00550015752297,0.00615034903447,0.00576658151881,0.0103157381725,0.989753245066
32,spatial_corr,-0.00474005934582,0.0050620512551,0.00569170678383,0.00518248177556,0.0099086745359,0.989547320134
32,persistent_factor,-0.00582454404427,0.00582454404427,0.00632556335295,0.00589761939749,0.0103157377298,0.98919396701
33,clean,-0.00135891386243,0.00135891386243,0.00169062160605,0.00115511946302,0.00320209820952,0.999998449883
33,low_iid,-0.00414667764306,0.00415764872339,0.00493679626512,0.00451462457004,0.00895452866428,0.993107710054
33,spatial_corr,-0.00395831739519,0.00398222445085,0.00467749144748,0.00392499796076,0.00867926549533,0.992510870458
33,persistent_factor,-0.00438981246649,0.00438981246649,0.00494747648548,0.00439789305689,0.00867926567308,0.993001816197
34,clean,0.000562276718695,0.00120956427281,0.00142156239335,0.00118905850051,0.00227865017732,0.9999927107
34,low_iid,-0.00062961701132,0.00143429067941,0.00183673605366,0.00112491248078,0.00368128456392,0.995635344063
34,spatial_corr,-0.00121856758133,0.00184080734354,0.00220933491203,0.00175585217976,0.00400535053087,0.995630715862
34,persistent_factor,-0.00148194578802,0.0019164419291,0.00233561043818,0.00183177338189,0.00416224484117,0.995806871517
35,clean,0.000211980373731,0.000994008632977,0.00124387005773,0.000944340376371,0.00244781376597,0.999960454187
35,low_iid,-0.00202185615375,0.00227636875492,0.00282289289766,0.00197893186349,0.00527904608202,0.992098131324
35,spatial_corr,-0.00199624404816,0.00230741579714,0.00286209358343,0.00191926674165,0.00540078856783,0.991397235899
35,persistent_factor,-0.00153509584129,0.00207724204249,0.00258319698945,0.00181980743193,0.0050009753539,0.992001689676
36,clean,-0.00248688658956,0.00248688658956,0.00267977974626,0.00226078488116,0.00444063992346,0.999995715512
36,low_iid,-0.00337277110918,0.00340561137945,0.00390126218002,0.00353737893647,0.00642064337361,0.992966627616
36,spatial_corr,-0.00394990914038,0.00395972700924,0.00445219699453,0.00402483061321,0.00705529269065,0.992461645508
36,persistent_factor,-0.00354753694812,0.00358163200505,0.00411874542242,0.0035869030724,0.00681193431619,0.992123315037
37,clean,-0.00244347519153,0.00244347519153,0.00264746518268,0.00229282117622,0.00431515939496,0.999981442978
37,low_iid,-0.00416966261234,0.00417458455034,0.00486180467021,0.00399846865148,0.00937956408644,0.991479761226
37,spatial_corr,-0.00453026836632,0.0045345554395,0.00515930586755,0.0045230106717,0.0089317249211,0.991685920744
37,persistent_factor,-0.00466836128759,0.00466836128759,0.0052536289936,0.00446157692359,0.00948178468197,0.991073759431
38,clean,-0.000944930091746,0.000951476157843,0.00122074424415,0.000761918740319,0.0024553662002,0.99999966056
38,low_iid,-0.00451101234733,0.00451101234733,0.00503062066315,0.00445256102839,0.0085808281764,0.994039636166
38,spatial_corr,-0.00468555607367,0.00468555607367,0.00525480473141,0.0047788413061,0.00872111951216,0.99358204679
38,persistent_factor,-0.00430078038878,0.00430078038878,0.00483999229887,0.00426272532333,0.00832097741398,0.994122113505
39,clean,-0.000100796626996,0.000969438782626,0.00127737414935,0.000802067144134,0.00283462070948,0.99997216961
39,low_iid,-0.00203052361273,0.00232562711585,0.00280643490383,0.00205588437163,0.00487669406925,0.993204939133
39,spatial_corr,-0.00184131712454,0.00223218543045,0.0027204640452,0.00198461338262,0.00475013050732,0.992383349874
39,persistent_factor,-0.00269251611655,0.00284015721606,0.00334232492838,0.00275909224198,0.00554629588703,0.993138522899
40,clean,-0.00199050124759,0.00199050124759,0.0019991828143,0.00202109722155,0.00222589102346,0.99998652841
40,low_iid,-0.00415239520207,0.00415239520207,0.00461098863597,0.00428834207997,0.00731988766609,0.995642675681
40,spatial_corr,-0.00407182010463,0.00407209072194,0.00472424044582,0.00441737242189,0.00753669565546,0.994826603389
40,persistent_factor,-0.0030104696189,0.00318772817912,0.00404007373692,0.0037606160124,0.0068451914015,0.995038453892
41,clean,-0.00202154519197,0.00202159143753,0.00206384732387,0.0019046826043,0.00284095320163,0.999959003006
41,low_iid,-0.00433364371475,0.00433482366718,0.00492058142753,0.00418553388819,0.00923468555792,0.99012232826
41,spatial_corr,-0.00495063364994,0.00495374438229,0.00548936360961,0.00493159118523,0.00938058762379,0.989159015258
41,persistent_factor,-0.00317547338641,0.00370167781909,0.00435692890357,0.00307668922518,0.00923466823754,0.989784439376
42,clean,-0.000407813259377,0.000762214808696,0.00104210481794,0.000528165169439,0.00221804234343,0.999989486943
42,low_iid,-0.00409346243279,0.00413240233389,0.00509953576618,0.00417587517036,0.00982483609574,0.993731914286
42,spatial_corr,-0.00477793449138,0.00478924110635,0.00562575498075,0.00478293214699,0.0101785454055,0.99296082333
42,persistent_factor,-0.00453217043752,0.00453526953309,0.00535922936037,0.00441008117856,0.00999613144094,0.993433474011
43,clean,-0.000914662435769,0.00100285638883,0.001376097627,0.000709890026524,0.00302064215253,0.999997228804
43,low_iid,-0.00304528264543,0.00320039645057,0.00386432410881,0.00288667972496,0.00738322219797,0.99293418269
43,spatial_corr,-0.0033589628085,0.00348782636899,0.00416161230048,0.0031940621838,0.00780102161559,0.992575558686
43,persistent_factor,-0.00319143845851,0.00343869117306,0.00415591590512,0.00299776571589,0.00815660004557,0.992653779506
44,clean,-0.000989716429718,0.001115570588,0.00151333010447,0.00072081082616,0.00300239452881,0.999996476841
44,low_iid,-0.00380854013677,0.00380854013677,0.00427076159779,0.00363950119889,0.00722115457399,0.994999171242
44,spatial_corr,-0.00373628964379,0.0037363320792,0.00422735340835,0.00367255530393,0.00727432248169,0.994836823604
44,persistent_factor,-0.00367739550464,0.00367739550464,0.0041895727416,0.00356808305423,0.00722634602535,0.994994986274
45,clean,-0.00280950352883,0.00280950352883,0.00292036141484,0.00265297615818,0.00434858149257,0.999994492485
45,low_iid,-0.00495794679297,0.00495794679297,0.00553728168101,0.0050361525203,0.00889711984382,0.991037313216
45,spatial_corr,-0.0031470056045,0.00408520676722,0.00474817935622,0.0034277166891,0.00960672429655,0.990071029975
45,persistent_factor,-0.00472464303554,0.00473863983088,0.00539298992854,0.00488201366099,0.00888600014228,0.99068795702
46,clean,-0.00207028901809,0.00207028901809,0.00212149691537,0.00205184744893,0.00284755588739,0.999958515688
46,low_iid,-0.0046123908134,0.0046123908134,0.00497993964351,0.00470194563782,0.00741353258438,0.993477536896
46,spatial_corr,-0.00408135501276,0.00418324042024,0.00476217839074,0.00456483788291,0.00724028485439,0.992457975672
46,persistent_factor,-0.00355257067605,0.00407281818445,0.00453695393311,0.0043743575786,0.00686993886216,0.992622505505
47,clean,-0.00361103863524,0.00361103863524,0.00369278647764,0.00352460163345,0.00496235965037,0.999966148277
47,low_iid,-0.00486057772013,0.00486057772013,0.00531652583464,0.0051621750914,0.00836737618335,0.992481221453
47,spatial_corr,-0.00375885467787,0.00424636690505,0.00475942155913,0.00441549871974,0.00826618384786,0.991690559103
47,persistent_factor,-0.00461599634332,0.0046192890561,0.00512831468033,0.00495084279899,0.00817349749377,0.9921789748
48,clean,0.000262577386967,0.00073396334464,0.000874226563678,0.000697958370818,0.00134828828295,0.999995923934
48,low_iid,-0.000860828237541,0.00183959092323,0.00218976376466,0.00163796599957,0.00404585683585,0.987795780728
48,spatial_corr,-0.000566994433204,0.00194116878323,0.00227750077688,0.00185205909128,0.00411438630895,0.985705081917
48,persistent_factor,0.0001524903748,0.0018214450463,0.00218323097771,0.00171268014628,0.00392573989392,0.986577810697
49,clean,0.00271640359138,0.00285530743064,0.0032064001317,0.00299232552868,0.00532875366363,0.999340840033
49,low_iid,0.00115346521407,0.0018344864852,0.00219492124965,0.00179560469507,0.00404498862495,0.993215970522
49,spatial_corr,-0.000460347441267,0.00167922099885,0.0019564669281,0.00153911894124,0.00351405446154,0.994283034113
49,persistent_factor,0.000326254259297,0.00153382886637,0.00181364385265,0.00135407549366,0.00340994164159,0.993532366508
50,clean,-0.00181649100757,0.00181649100757,0.0019839430324,0.00163239524417,0.00350746612601,0.999997671681
50,low_iid,-0.00232752015777,0.00341284308002,0.00386268259997,0.00306686713254,0.00761738319166,0.993626848774
50,spatial_corr,-0.00372735316164,0.00373712015825,0.0043674632042,0.00376638113761,0.00779292591413,0.992997867353
50,persistent_factor,-0.00407539666544,0.00407582748468,0.00458684858397,0.00427320320891,0.00737883423092,0.993868244581
51,clean,-0.000385312366498,0.000590641137235,0.000850155023945,0.000382021184762,0.00184979438886,0.999997318552
51,low_iid,-0.00379876655246,0.00379876655246,0.00442747533259,0.0037771095417,0.00802744301592,0.99399097303
51,spatial_corr,-0.00398527342483,0.00399304389906,0.00455350146188,0.00396751403466,0.00789358969737,0.994064322567
51,persistent_factor,-0.00356945094172,0.00358331134246,0.00427405630844,0.00351505350668,0.00824054227394,0.99370620924
52,clean,0.0020649980499,0.00225591584433,0.00240706659498,0.00246263727465,0.00329257936701,0.999995211784
52,low_iid,0.000692438345835,0.00159083987315,0.00196848798803,0.00130152107743,0.00396050285284,0.995616927091
52,spatial_corr,-0.000302041460985,0.00153351532718,0.00190770407199,0.00125255886525,0.00383066848294,0.995584910707
52,persistent_factor,0.000411877165518,0.00153495017013,0.00191215569657,0.00129664657265,0.00385617219278,0.995514854072
53,clean,0.00194081544936,0.00198247774585,0.00231103094409,0.00202201257842,0.00447353724273,0.998591598237
53,low_iid,-0.000665905736276,0.00181221398777,0.00210062394399,0.00184089256642,0.00361326619842,0.988910904596
53,spatial_corr,-0.000833477863837,0.0019336609004,0.00227604596553,0.00189484933708,0.00386161489138,0.987505275407
53,persistent_factor,-0.0018503360075,0.00231434438496,0.00278033540766,0.00205919562128,0.00477342353732,0.987645448425
54,clean,-0.000522935552682,0.00091135162041,0.00131768852362,0.000621203453721,0.0031097229036,0.99999421742
54,low_iid,-0.0032515756585,0.00328599589135,0.00384774918644,0.00315133828179,0.00663422180694,0.994153634808
54,spatial_corr,-0.00196736334596,0.00223425463196,0.00270407659554,0.00217121678418,0.00504480383446,0.994591800061
54,persistent_factor,-0.00279624915236,0.00287518482265,0.00341034440111,0.00270800731427,0.00586825841783,0.994500122984
55,clean,-0.00112794455107,0.00114008584556,0.00147895885517,0.000884563580457,0.00314783464909,0.999999987879
55,low_iid,-0.00411423585826,0.00411801208359,0.00471435819524,0.00400778804029,0.00851156758911,0.993811150933
55,spatial_corr,-0.00430197394971,0.00430992931339,0.00488980769857,0.00418213902617,0.0087170830756,0.993641301607
55,persistent_factor,-0.00396306312559,0.0039693450954,0.00457053654072,0.00384407166836,0.0084719248648,0.99403430497
56,clean,0.00276006519808,0.00284063640024,0.00297485228681,0.00311851468257,0.00371733828905,0.999995947511
56,low_iid,-0.000291136353422,0.00167887186817,0.00207533595456,0.00147520886851,0.00387033150034,0.995291891821
56,spatial_corr,-0.000292922781089,0.00164951816639,0.00204649656641,0.00143529163838,0.00393088269003,0.995144005761
56,persistent_factor,0.000186440702979,0.001711994508,0.00213741295029,0.00143232960454,0.00436307389168,0.994956554051
57,clean,-0.00494933974709,0.00494933974709,0.00497708439666,0.00494179047691,0.00588187464785,0.999958102626
57,low_iid,-0.00679365585683,0.00679365585683,0.00723428849496,0.00704363368946,0.0112164622471,0.991977339222
57,spatial_corr,-0.00646546467278,0.00646546467278,0.00699687051157,0.00684560214204,0.0109758536683,0.991616156196
57,persistent_factor,-0.0066716318868,0.0066716318868,0.00714826916941,0.00696134656611,0.0115946974321,0.992070071462
58,clean,0.0029085389869,0.00291029926244,0.00302018429758,0.00304037630811,0.00376739256449,0.999922119276
58,low_iid,0.000626781815748,0.0016144129128,0.0019600252237,0.00149453256797,0.00361458559814,0.99051600245
58,spatial_corr,0.000711990498917,0.00170542887073,0.00207325323384,0.00148449848467,0.00396932197326,0.989629786019
58,persistent_factor,0.000505645202907,0.00156045333894,0.00187532933319,0.00140802809984,0.00354084760041,0.990879891984
59,clean,0.00125724708328,0.00152657948584,0.00200306022359,0.00131332962997,0.00415244042331,0.99690896786
59,low_iid,-0.000316862662325,0.00161126319293,0.00193968433003,0.00145677322961,0.00361023545204,0.991656009481
59,spatial_corr,0.000289989041532,0.00176194101329,0.0022060894858,0.00150749669732,0.00466732934891,0.991518864029
59,persistent_factor,-0.00172374114095,0.00226559011595,0.00262980319152,0.00233710277754,0.00433917047599,0.990991518663
60,clean,0.00206557351649,0.00206692575626,0.00213901712774,0.00222871360944,0.0026084554865,0.99998827974
60,low_iid,0.000163203470218,0.00177609834971,0.00211373139958,0.0016561909387,0.00369550452664,0.992668548924
60,spatial_corr,-9.06958878464e-06,0.002070374658,0.00262640696903,0.00147140782307,0.00480126162364,0.991549268403
60,persistent_factor,-2.824669128e-05,0.00187619991636,0.00231101018986,0.00155091170369,0.00412288082593,0.992381551364
61,clean,-0.00226182248015,0.00226182248015,0.0023852606288,0.00211110995442,0.00368630302715,0.999974450742
61,low_iid,-0.00179838498274,0.00242083731257,0.00285681035395,0.00244761710836,0.00475858602356,0.990143648471
61,spatial_corr,-0.00186460133072,0.00227948355801,0.00269878293091,0.00232502867521,0.00459241037166,0.990268299625
61,persistent_factor,-0.00167664506411,0.00207920284052,0.00253259628963,0.00186850973704,0.0050189425594,0.9895987152
62,clean,-0.00197283458658,0.00197283458658,0.00202830844547,0.00195043842057,0.00277466956891,0.999972582835
62,low_iid,-0.00274627750448,0.00303757575036,0.0036380926803,0.0025538604489,0.00747648869738,0.988863442937
62,spatial_corr,-0.00313649542008,0.00327588283981,0.00391508274368,0.00293313702889,0.00768932632412,0.988052003352
62,persistent_factor,-0.00282124665001,0.00303910323521,0.00364606728502,0.00267736676445,0.00731442541406,0.988858676759
63,clean,-0.00163044362168,0.00163044362168,0.0019080700321,0.00145493482105,0.00355001245787,0.999987100398
63,low_iid,-0.00399899096807,0.00400151024708,0.00463276131851,0.00378374744772,0.00847555497016,0.991222112344
63,spatial_corr,-0.00403138554379,0.00406519933726,0.0047321804467,0.0038855222838,0.00877597129811,0.990516047543
63,persistent_factor,-0.00380145086856,0.00382233205512,0.00447007759665,0.00364274346063,0.0081681106356,0.991227300697
64,clean,0.000744720553737,0.00114912390675,0.00129961238634,0.00120800384273,0.0018070744971,0.999991045234
64,low_iid,-0.00192502512256,0.00236458088972,0.00290220241919,0.00184773156855,0.00511013213885,0.994736887921
64,spatial_corr,-0.00213675423493,0.00254499628178,0.00311650261536,0.00213568815352,0.00547027263342,0.994274990599
64,persistent_factor,-0.00196280988809,0.00247639203146,0.00299936427679,0.00199722563344,0.00529131774261,0.994759488052
65,clean,-0.000688663830274,0.0011595613484,0.00157755058184,0.000862595002463,0.00319251842974,0.99893840395
65,low_iid,-0.003253365041,0.00341494862565,0.00406204515009,0.00316141610161,0.0077912687352,0.990941347136
65,spatial_corr,-0.00302759984263,0.00332465856148,0.00393768038733,0.00297440115663,0.00772889987879,0.990761493313
65,persistent_factor,-0.00289677494206,0.00336838712634,0.00400124154559,0.00289525350461,0.00810270508395,0.989970111452
66,clean,-0.000337444256805,0.000640993221655,0.000925193443438,0.000441067443591,0.00214017500241,0.999999169787
66,low_iid,-0.00249026862225,0.00329331434151,0.00375876833734,0.00276137329461,0.0076954346124,0.993497132999
66,spatial_corr,-0.0024769688465,0.00340976693934,0.00388257217371,0.00289342730526,0.00784330668954,0.992986936836
66,persistent_factor,-0.00314608222464,0.00321746123155,0.00387538895719,0.00298970351405,0.00772415343015,0.993457315076
67,clean,-0.00263990697495,0.00263990697495,0.00287017823834,0.00246782422765,0.00451238470396,0.999994514465
67,low_iid,-0.00504606796035,0.00504606796035,0.00545485064858,0.00496707366761,0.00859860685087,0.994717766698
67,spatial_corr,-0.00532133434775,0.00532133434775,0.00571950715895,0.00510717058397,0.00903253932251,0.99423436385
67,persistent_factor,-0.00529214375557,0.00529214375557,0.00567052032381,0.00508263090789,0.00880789851812,0.994566621472
68,clean,-0.00163101865913,0.00164408023137,0.00188131382613,0.00148723445364,0.0034098629793,0.99996509533
68,low_iid,-0.00464238303532,0.00464449434255,0.00517229332592,0.00451993185061,0.00873873969396,0.990363716615
68,spatial_corr,-0.00468500790975,0.00469582599152,0.00521685979692,0.00455840727828,0.00870412063933,0.990403382546
68,persistent_factor,-0.00426628208202,0.00428583549403,0.00477339257321,0.0042070380604,0.00758801711829,0.991023986177
69,clean,0.00198398344426,0.00214226362276,0.00232301678327,0.00234588360352,0.00322735138765,0.999984322534
69,low_iid,0.000199455266747,0.00172139937741,0.00201538735637,0.00159561021279,0.00382342044567,0.992752641671
69,spatial_corr,-0.000231949568321,0.0017576483941,0.00207239974674,0.00170866798514,0.00373095953964,0.991814553144
69,persistent_factor,0.000443829101528,0.00203304031644,0.00253783036832,0.00168172286049,0.00521276344092,0.991411682076
70,clean,-0.000458053470408,0.00143352671714,0.00196736308923,0.000926436142923,0.00409072225801,0.997558006708
70,low_iid,-0.0030941002871,0.00315704707869,0.00364154601221,0.00300393995765,0.00653614802689,0.989651306238
70,spatial_corr,-0.00311463163546,0.00318778145736,0.00369717313725,0.00290514384759,0.00672787119487,0.988825731284
70,persistent_factor,-0.00235340474054,0.00258950650575,0.00303747707077,0.0027437318273,0.00521578494528,0.99039163028
71,clean,-0.00227750532696,0.00227750532696,0.00247414031088,0.00212665283525,0.00399091016379,0.999987479062
71,low_iid,-0.00412451270501,0.00412451270501,0.00473324815487,0.00392282309899,0.00865436885722,0.99361706326
71,spatial_corr,-0.00388375501463,0.00390956692118,0.00460579675077,0.00371405672633,0.00860974855214,0.993225831909
71,persistent_factor,-0.00408157442011,0.00408618551505,0.00474923342807,0.00387755283868,0.00870246222118,0.993136540853
72,clean,-0.000236641221571,0.000603739728429,0.000810632271675,0.000468909961083,0.00165248774252,0.99999352719
72,low_iid,-0.00216017051301,0.00290304544511,0.00358263988468,0.00209112548401,0.00695536552857,0.990555371239
72,spatial_corr,-0.00226243647671,0.00281156058041,0.00348224036504,0.00209880929205,0.00662232919526,0.990450006591
72,persistent_factor,-0.00220815971812,0.00292171777432,0.00362988205148,0.00212553627968,0.00736132559121,0.989999142678
73,clean,-0.000972837097151,0.00100491376606,0.00141573671755,0.000781680757017,0.00286485195904,0.999998875079
73,low_iid,-0.00260231750173,0.00315769716444,0.00353661677807,0.00292355438018,0.00564995559505,0.993046412686
73,spatial_corr,-0.00268772885088,0.00286543051441,0.00331294362335,0.0029542860238,0.00541523849039,0.993552057982
73,persistent_factor,-0.00276030823797,0.00291225370505,0.00333710743969,0.00296986583236,0.0052752064644,0.993684459416
74,clean,-0.00111364266459,0.00111365361588,0.00133359910321,0.00100272958421,0.00243249387893,0.999999516441
74,low_iid,-0.00168098666341,0.00220334852857,0.00270683209434,0.00182315029308,0.00526776191903,0.991159227277
74,spatial_corr,-0.00126315802031,0.00200696499747,0.00249640053241,0.00165115796982,0.00486456215307,0.990683413302
74,persistent_factor,-0.00114395001449,0.00187039431846,0.00229088311707,0.00159861948404,0.00432269509267,0.991212928224
75,clean,0.000119707255918,0.000757575639069,0.000971332053271,0.000674588715715,0.00174465775631,0.999998653499
75,low_iid,-0.00223746101207,0.00257351458595,0.00309620959912,0.00232553693461,0.00528996207755,0.99390723271
75,spatial_corr,-0.00244838195276,0.00280889713263,0.00335555691305,0.00248303091314,0.00576166566079,0.993512202536
75,persistent_factor,-0.00261103347227,0.00280705843449,0.0033365716934,0.00266852962355,0.00562544058337,0.993860849312
76,clean,-0.000792548079184,0.000792548079184,0.000863325469724,0.000719130788343,0.00144199644345,0.99999862266
76,low_iid,-0.00151146615361,0.00270809541663,0.00319690908811,0.00280456682274,0.00522925861512,0.991633905621
76,spatial_corr,-0.00196397782167,0.0023433669099,0.00278948751092,0.00235773912082,0.00502206167032,0.992124645532
76,persistent_factor,0.000145969272411,0.00171281388721,0.00223838914026,0.00139486780497,0.00459481125664,0.991077476651
77,clean,0.000379509107963,0.000776216883132,0.000884728530631,0.000822092394086,0.00138773437545,0.999969587136
77,low_iid,-0.00262173993342,0.0029909514754,0.0038022547299,0.00251626493555,0.00806263768901,0.994890663979
77,spatial_corr,-0.00269920710299,0.00308489675433,0.00389904229036,0.00257513507444,0.00831330718597,0.994540800895
77,persistent_factor,-0.00245155648005,0.00296502664451,0.00379083157257,0.00233259585206,0.00831936770671,0.994459671125
78,clean,-0.00381026279564,0.00381026279564,0.00395460910536,0.00380829106394,0.00548833483667,0.999935515069
78,low_iid,-0.00554387504175,0.00554387504175,0.00609109773057,0.00560139186816,0.0105270708057,0.984982045484
78,spatial_corr,-0.00359221718428,0.0040756607298,0.00470128971172,0.00358194745674,0.00944368176409,0.986000350574
78,persistent_factor,-0.00588328706349,0.00588328706349,0.00636875218125,0.00584809987244,0.0102470675522,0.98448326225
79,clean,0.00332479436615,0.00341241980925,0.00355581316216,0.00376207331272,0.00434510927806,0.999992599791
79,low_iid,0.00082322098216,0.00165778555963,0.0019521773511,0.00145874243753,0.00366386005311,0.995476602387
79,spatial_corr,-0.00030188358188,0.0016177178073,0.00190858755494,0.00147760472053,0.00355065207394,0.995453824297
79,persistent_factor,-0.000255049782089,0.00162402595255,0.00189256840308,0.00149602587554,0.00348505077287,0.995791945694
80,clean,-0.000381496500256,0.000675334112157,0.000977735818518,0.000476335084916,0.001987056547,0.999999305041
80,low_iid,-0.0012935596925,0.00205960223068,0.00256431134821,0.00178440343374,0.00502064059462,0.993002965444
80,spatial_corr,-0.00147061970776,0.00207947372366,0.00252200653002,0.00181983713205,0.00463035366156,0.99300989389
80,persistent_factor,-0.00235593004827,0.00280661301988,0.00333807483315,0.00235464934455,0.00670899011093,0.99290532468
81,clean,-0.000238054936743,0.000571621562964,0.00100064153551,0.000233830290201,0.00246596241754,0.99859403697
81,low_iid,-0.00159961074201,0.0021030420073,0.00256367655421,0.00188845154072,0.004489966469,0.989103834039
81,spatial_corr,-0.00225001340521,0.00271166404666,0.00318100423796,0.00253643187538,0.0055349611212,0.987890930083
81,persistent_factor,-0.000164184787145,0.00184498693388,0.00215333524496,0.00182253288722,0.00391252533102,0.988649410005
82,clean,0.000605060769797,0.000986517425205,0.00113143263174,0.00100408794732,0.0015942147998,0.999996677738
82,low_iid,-0.00171784795095,0.00246411515844,0.00312576595391,0.00182923905258,0.00674261943233,0.994701157466
82,spatial_corr,-0.00160932558226,0.00241140819952,0.00308203738139,0.00181692635511,0.00671545542488,0.994611202282
82,persistent_factor,-0.00173079405532,0.00244384100298,0.00308495020896,0.00185702643215,0.00644235516942,0.994651375545
83,clean,0.000813079105812,0.00106462146406,0.00118216888945,0.0011588708795,0.00166135042016,0.999997640468
83,low_iid,0.00105007630052,0.00206943689644,0.0025931799679,0.00162409702502,0.00522498747303,0.993416974793
83,spatial_corr,-4.12764042999e-05,0.00161388194128,0.00188263381286,0.00145689776462,0.00333551365062,0.993690057639
83,persistent_factor,-0.000596167213997,0.00164644651048,0.00189767998634,0.00167028824007,0.00327589477202,0.994529523529
84,clean,-0.00127784243409,0.00127784243409,0.00143276296542,0.00116741285049,0.00250100177396,0.999988210248
84,low_iid,-0.00243720747468,0.00259372311768,0.00314379709783,0.00223372146162,0.00549969273888,0.991883748794
84,spatial_corr,-0.00200161829295,0.00239533539827,0.00292250136473,0.00201063882843,0.00527181292703,0.991177776815
84,persistent_factor,-0.00239448439231,0.00280289266882,0.00337271500021,0.0023632715208,0.00609729357338,0.99118201923
85,clean,-6.2489711023e-05,0.0008954200537,0.0011854467405,0.000752371721176,0.00257630811803,0.999997062308
85,low_iid,-0.00353008167108,0.00354423980449,0.00409519325992,0.00341233829489,0.00684009585276,0.994081839242
85,spatial_corr,-0.00321830319393,0.00329680975299,0.00383687634053,0.00304834770739,0.00653250984226,0.993872251969
85,persistent_factor,-0.00282076341933,0.00294588651773,0.00342659638108,0.00294719298419,0.00588923672737,0.994410490549
86,clean,-0.000648058083953,0.000808132707111,0.00113395397378,0.000510787559804,0.00247539692859,0.999992454533
86,low_iid,-0.000179788163044,0.0014213725136,0.00179787459828,0.00117892631087,0.00320759182435,0.992142828261
86,spatial_corr,-0.000325709444659,0.00161813449271,0.00196341835905,0.00143481766631,0.0036094170819,0.992548823246
86,persistent_factor,7.35316142245e-05,0.00150683951328,0.00188548256485,0.00132862857901,0.00351798045556,0.992006742612
87,clean,-0.00224261216144,0.00233566157824,0.0027105082413,0.0022394672434,0.00488396237785,0.999500638573
87,low_iid,-0.00410375468132,0.00410584762212,0.00455313468474,0.00429531143626,0.0072045224872,0.98909889348
87,spatial_corr,-0.0040739512676,0.00408403487244,0.00456202208914,0.00423121029085,0.00728632946035,0.987615446557
87,persistent_factor,-0.00396019141184,0.00398093398051,0.00446375601892,0.00419552762033,0.00734776824096,0.987354489244
88,clean,-0.00121268953204,0.00121268953204,0.00135481325192,0.00110298753234,0.00235977521973,0.999988763335
88,low_iid,-0.00211096903439,0.00242038232532,0.00298048909289,0.00203425737519,0.00538606782743,0.990297995567
88,spatial_corr,-0.0034250786043,0.0034745251551,0.00409073183561,0.00322278665354,0.00726374419875,0.989406571726
88,persistent_factor,-0.00293655316366,0.00301799218115,0.00360279352618,0.00278259392718,0.0062297319115,0.990967290305
89,clean,0.000879386875055,0.00137944800388,0.00182788065306,0.00114664328918,0.00419180210894,0.99814206431
89,low_iid,-0.00111724270157,0.00197922615823,0.00246064640175,0.00168946115584,0.00489342531959,0.989395733868
89,spatial_corr,-0.000995658718323,0.00197116615761,0.00242045162785,0.00172193534961,0.00473555783457,0.989087664185
89,persistent_factor,-0.000987587232231,0.00190180493938,0.0024039932524,0.00157622800221,0.00498759386998,0.989303296209
90,clean,0.00225772866078,0.00226411924656,0.00236830658519,0.00254416658384,0.00292541117093,0.999992978297
90,low_iid,-0.000735083565468,0.00230686051121,0.00280988488828,0.00211216262542,0.00464859200631,0.992244152325
90,spatial_corr,-0.000231233025398,0.00243292824487,0.00301895953693,0.00185829419871,0.00518913169973,0.9916075974
90,persistent_factor,-0.000682233310206,0.00204116006235,0.00237470748293,0.00208334636988,0.0039588518023,0.992036176252
91,clean,-0.00094735959973,0.000947659665973,0.00115278263744,0.000778364040997,0.00224621455453,0.999999604732
91,low_iid,-0.00305089086032,0.00313201133615,0.00384403502952,0.00283295394889,0.00737451237092,0.990230582005
91,spatial_corr,-0.00427184222669,0.00427909263813,0.0049186677411,0.00422539425828,0.00887281882538,0.988770487488
91,persistent_factor,-0.00374156253598,0.00379520450324,0.0045706876907,0.00370724308197,0.00890328308129,0.988769969958
92,clean,-0.000873500864031,0.000885265307068,0.00117096508999,0.000701002637016,0.00240104408767,0.999996548123
92,low_iid,-0.00488365096203,0.00488365096203,0.00553098704721,0.00469262170861,0.0100581099857,0.98787109742
92,spatial_corr,-0.00330663760938,0.00382862184164,0.00463282494889,0.00299947308824,0.00991580219455,0.986928448445
92,persistent_factor,-0.00465514888764,0.00466439609766,0.00538735788591,0.00443729164341,0.0100622877217,0.987076728631
93,clean,-0.00092471843456,0.00097644216968,0.00130027366643,0.000713072657659,0.00268233533097,0.999998944517
93,low_iid,-0.00438161954338,0.00438255561454,0.00495942319201,0.00428155916228,0.00903128334458,0.989792384033
93,spatial_corr,-0.00438860883159,0.00440330288765,0.00500552806764,0.00439746388364,0.00908831281576,0.989109889568
93,persistent_factor,-0.00472641313095,0.00472680193199,0.00524855577291,0.00465299249689,0.00896742407551,0.989399620336
94,clean,0.00152197225,0.00162548964749,0.00175480225626,0.00181069653464,0.00241656097503,0.999992187025
94,low_iid,-0.00144591640265,0.00214225280259,0.00250824228111,0.00217781043432,0.00428625134201,0.992090473598
94,spatial_corr,-0.000738405109424,0.00204522383043,0.00238277225629,0.00207536116769,0.00405324820845,0.99183629297
94,persistent_factor,-0.0012031596476,0.00209199472119,0.00244503127278,0.00207218465823,0.00407629937365,0.992132298703
95,clean,0.00020686781226,0.00111327034078,0.0014764651538,0.000930380226698,0.00281547582745,0.998726403223
95,low_iid,-0.00215666471344,0.00238912764783,0.00288436422306,0.00219511238266,0.00498673706495,0.98797684162
95,spatial_corr,-0.00321464514361,0.00327500166309,0.00376923459652,0.00321843402543,0.00612608607742,0.987163742309
95,persistent_factor,-0.00272569633155,0.00281162142832,0.00334136995985,0.00275331690668,0.00556191651987,0.987442740493
96,clean,0.000424672296975,0.000819416210497,0.000947050401375,0.000869479408796,0.0013629128967,0.999997087098
96,low_iid,-0.00264853072417,0.00296343702377,0.00366217265455,0.00236756540959,0.00681423983395,0.991714893414
96,spatial_corr,-0.0035123305123,0.0036273848802,0.00437892063319,0.00330697289299,0.008514000982,0.990829386811
96,persistent_factor,-0.0020705692861,0.00271345199733,0.00330327707017,0.00211285848863,0.00617131335517,0.992121372859
97,clean,-0.00136533975753,0.00136604034776,0.00163690115671,0.00124113526614,0.00301531319997,0.999999043507
97,low_iid,-0.00257726816058,0.0030781565755,0.00371193733542,0.00234881148765,0.00767815794989,0.98798762916
97,spatial_corr,-0.00285072121779,0.00326360457739,0.00391809779058,0.00263904359239,0.00817275048677,0.987600184802
97,persistent_factor,-0.0022502296013,0.00288074467144,0.00351659745457,0.0022630458523,0.0073980912524,0.988856229886
98,clean,-0.00260450973881,0.00260450973881,0.00265415227785,0.00254232973689,0.00343696863693,0.999965268915
98,low_iid,-0.00352572732961,0.00365942225448,0.00426269733819,0.00343456882687,0.0070360067881,0.988706711122
98,spatial_corr,-0.00404217426228,0.00408330767305,0.00467735036065,0.00386106446795,0.00793873211804,0.988819203283
98,persistent_factor,-0.00319263939085,0.00326271557749,0.00385993339753,0.00307631659976,0.00636716676656,0.989226076588
99,clean,7.34728056915e-06,0.000653675802919,0.000786464704066,0.000614383798118,0.00141808361961,0.999996617628
99,low_iid,-0.00207892773339,0.00299037707659,0.00368959014695,0.00236158172618,0.00771989705162,0.990269583628
99,spatial_corr,-0.00249798237543,0.00300020926208,0.00366785676829,0.00241370823646,0.00733454208521,0.990291424882
99,persistent_factor,-0.00247958337794,0.00294957109289,0.00360431651339,0.00235373004301,0.00704398000953,0.990830683461
