sample_id,scenario,quantity,path_average_truth,path_average_estimate,mean_error,mae,rmse,correlation
0,clean,erp,0.10743111178,0.173194210483,0.0657630987039,0.0657630987039,0.0713167395666,0.999977641684
0,clean,vrp,-0.00421887065393,-0.0044642201968,-0.000245349542866,0.000245349542866,0.000246241997278,0.999977641684
0,low_iid,erp,0.10743111178,0.159610947606,0.0521798358262,0.0550663464663,0.0696121291182,0.990178793668
0,low_iid,vrp,-0.00421887065393,-0.00352200004691,0.000696870607016,0.000696870607016,0.000770711423989,0.990178793668
0,spatial_corr,erp,0.10743111178,0.158796269991,0.0513651582113,0.0548030182818,0.0696100826682,0.98992297797
0,spatial_corr,vrp,-0.00421887065393,-0.00349875198544,0.000720118668493,0.000720119734017,0.000795689789837,0.98992297797
0,persistent_factor,erp,0.10743111178,0.159610874095,0.0521797623154,0.055158949824,0.0699372635698,0.990402014215
0,persistent_factor,vrp,-0.00421887065393,-0.0036042073009,0.000614663353027,0.000614988217238,0.000706840780422,0.990402014215
1,clean,erp,0.110937521736,0.0789088193496,-0.0320287023867,0.0320287023867,0.034785401096,0.999975229392
1,clean,vrp,-0.00437016461351,-0.00564921662159,-0.00127905200808,0.00127905200808,0.00148792582634,0.999975229392
1,low_iid,erp,0.110937521736,0.0743419070727,-0.0365956146636,0.0365956146636,0.0374954927318,0.988966496482
1,low_iid,vrp,-0.00437016461351,-0.00407754589546,0.000292618718045,0.000617316269275,0.000779963010367,0.988966496482
1,spatial_corr,erp,0.110937521736,0.076085256086,-0.0348522656503,0.0348522656503,0.0358485615499,0.986002975974
1,spatial_corr,vrp,-0.00437016461351,-0.0046695304539,-0.000299365840399,0.00090465198047,0.00126707715034,0.986002975974
1,persistent_factor,erp,0.110937521736,0.0751404834763,-0.03579703826,0.03579703826,0.0367333912894,0.989059211865
1,persistent_factor,vrp,-0.00437016461351,-0.0041034868416,0.000266677771905,0.000568724279511,0.000738486905026,0.989059211865
2,clean,erp,0.10759850338,0.132871042197,0.0252725388168,0.0252725388168,0.0295941845374,0.999908639009
2,clean,vrp,-0.00422609323726,-0.00534578144088,-0.00111968820361,0.00111968820361,0.00137829508737,0.999908639009
2,low_iid,erp,0.10759850338,0.147274813791,0.0396763104105,0.0423873446567,0.0547287170831,0.993012732204
2,low_iid,vrp,-0.00422609323726,-0.00462299471449,-0.000396901477226,0.000633287902377,0.000976188547141,0.993012732204
2,spatial_corr,erp,0.10759850338,0.134337636949,0.0267391335684,0.0294253378377,0.0396119244053,0.993231424636
2,spatial_corr,vrp,-0.00422609323726,-0.00540429299372,-0.00117819975645,0.00133935276596,0.00184814446134,0.993231424636
2,persistent_factor,erp,0.10759850338,0.135064085007,0.0274655816267,0.0310366870858,0.0417237402002,0.993139181584
2,persistent_factor,vrp,-0.00422609323726,-0.00455731207203,-0.000331218834771,0.000591845495781,0.000949781784666,0.993139181584
3,clean,erp,0.0907898608755,0.147945947883,0.0571560870072,0.0571560870072,0.0595761697137,0.999688706
3,clean,vrp,-0.00350083688931,-0.0036579669518,-0.000157130062492,0.000228935877112,0.000272401223806,0.999688706
3,low_iid,erp,0.0907898608755,0.137917344641,0.0471274837651,0.0481197487579,0.0591071321787,0.987595898591
3,low_iid,vrp,-0.00350083688931,-0.00340963546289,9.1201426419e-05,0.000336027618834,0.000419862154829,0.987595898591
3,spatial_corr,erp,0.0907898608755,0.132005335838,0.0412154749626,0.0418456200182,0.0531148867213,0.987151602941
3,spatial_corr,vrp,-0.00350083688931,-0.00276025063328,0.000740586256031,0.000740586256031,0.000798827135098,0.987151602941
3,persistent_factor,erp,0.0907898608755,0.109305918652,0.0185160577767,0.0267370314828,0.0330999851538,0.983198159836
3,persistent_factor,vrp,-0.00350083688931,-0.00402670874605,-0.000525871856741,0.000982246567042,0.00120332093618,0.983198159836
4,clean,erp,0.109841905446,0.160697371351,0.0508554659046,0.0508554659046,0.0556186381433,0.999994412276
4,clean,vrp,-0.00432289115469,-0.00321636379321,0.00110652736148,0.00110837274214,0.00149612912071,0.999994412276
4,low_iid,erp,0.109841905446,0.157797519227,0.0479556137808,0.0481588671558,0.05979881362,0.995351859929
4,low_iid,vrp,-0.00432289115469,-0.00284473169944,0.00147815945525,0.00147815945525,0.00178283515225,0.995351859929
4,spatial_corr,erp,0.109841905446,0.156389463753,0.0465475583063,0.0469273548296,0.0577468303161,0.995233080502
4,spatial_corr,vrp,-0.00432289115469,-0.00293871092749,0.0013841802272,0.0013841802272,0.00167623609336,0.995233080502
4,persistent_factor,erp,0.109841905446,0.157986741849,0.0481448364022,0.0484653421823,0.0593910476953,0.995128803969
4,persistent_factor,vrp,-0.00432289115469,-0.0028820877677,0.00144080338699,0.00144080338699,0.00175100935613,0.995128803969
5,clean,erp,0.129636554279,0.0647595310511,-0.0648770232276,0.0648770232276,0.0750972411822,0.999996967916
5,clean,vrp,-0.00517698717803,-0.00462742835868,0.000549558819349,0.000549558819349,0.00066675110847,0.999996967916
5,low_iid,erp,0.129636554279,0.0596813592695,-0.0699551950092,0.0699551950092,0.0771075743092,0.993969226562
5,low_iid,vrp,-0.00517698717803,-0.00457116148297,0.000605825695053,0.000634698275006,0.000788659991686,0.993969226562
5,spatial_corr,erp,0.129636554279,0.0622485724373,-0.0673879818414,0.0673879818414,0.0746009036634,0.993778502109
5,spatial_corr,vrp,-0.00517698717803,-0.0047536027138,0.000423384464223,0.00055956757918,0.00067787574576,0.993778502109
5,persistent_factor,erp,0.129636554279,0.0614351588387,-0.06820139544,0.06820139544,0.0748840824459,0.994164985842
5,persistent_factor,vrp,-0.00517698717803,-0.00462404949431,0.000552937683718,0.000655920697848,0.000781613706633,0.994164985842
6,clean,erp,0.10328858931,0.0928946526155,-0.0103939366942,0.0114022966301,0.0141648868254,0.998975822445
6,clean,vrp,-0.00404012982362,-0.00498755496344,-0.000947425139823,0.000947425139823,0.000983395526401,0.998975822445
6,low_iid,erp,0.10328858931,0.0928741812676,-0.0104144080421,0.0138564570227,0.0165151777506,0.989651123338
6,low_iid,vrp,-0.00404012982362,-0.00378160759372,0.0002585222299,0.000508075750871,0.000689193787104,0.989651123338
6,spatial_corr,erp,0.10328858931,0.0904669891485,-0.0128216001613,0.0143850095335,0.0167142336019,0.989539450518
6,spatial_corr,vrp,-0.00404012982362,-0.00375497280883,0.000285157014792,0.000497500863454,0.000643642028573,0.989539450518
6,persistent_factor,erp,0.10328858931,0.0945151233933,-0.00877346591643,0.0129110552171,0.0158073847982,0.989708145973
6,persistent_factor,vrp,-0.00404012982362,-0.00376218942774,0.000277940395879,0.000506843014977,0.000663361836926,0.989708145973
7,clean,erp,0.111714957752,0.0488758225099,-0.062839135242,0.062839135242,0.0704277220649,0.999999972747
7,clean,vrp,-0.00440370928585,-0.00448841705808,-8.47077722297e-05,8.47077722297e-05,8.98190026299e-05,0.999999972747
7,low_iid,erp,0.111714957752,0.0480722268475,-0.0636427309044,0.0636427309044,0.0682618117832,0.991700930388
7,low_iid,vrp,-0.00440370928585,-0.0036396736104,0.000764035675454,0.000764273077515,0.000862605061744,0.991700930388
7,spatial_corr,erp,0.111714957752,0.046728411141,-0.0649865466109,0.0649865466109,0.0698788112071,0.991466220802
7,spatial_corr,vrp,-0.00440370928585,-0.00349442871381,0.000909280572044,0.000909280572044,0.000971302740248,0.991466220802
7,persistent_factor,erp,0.111714957752,0.0441605205179,-0.067554437234,0.067554437234,0.0726546378024,0.991352498364
7,persistent_factor,vrp,-0.00440370928585,-0.00354025479658,0.000863454489272,0.000863454489272,0.000947109449084,0.991352498364
8,clean,erp,0.11544243547,0.156878674347,0.0414362388768,0.0414362388768,0.0465870161967,0.999992456609
8,clean,vrp,-0.00456454183829,-0.00459954991544,-3.50080771463e-05,3.50080771463e-05,4.08792607227e-05,0.999992456609
8,low_iid,erp,0.11544243547,0.154421738205,0.0389793027348,0.0430686821021,0.0589633782031,0.992458709801
8,low_iid,vrp,-0.00456454183829,-0.00436924935285,0.000195292485441,0.000656834345236,0.000748748502772,0.992458709801
8,spatial_corr,erp,0.11544243547,0.155801821207,0.0403593857371,0.0446461927003,0.0600646867519,0.992258300085
8,spatial_corr,vrp,-0.00456454183829,-0.00423064441096,0.000333897427327,0.000620261337259,0.000692447301378,0.992258300085
8,persistent_factor,erp,0.11544243547,0.15476139342,0.0393189579496,0.0430673914737,0.0582978224888,0.992421734132
8,persistent_factor,vrp,-0.00456454183829,-0.00448844743634,7.60944019496e-05,0.000628659576305,0.00076329531429,0.992421734132
9,clean,erp,0.118939179806,0.109426536186,-0.00951264362006,0.00951264362006,0.0114752800241,0.999999545995
9,clean,vrp,-0.00471541874737,-0.00421072822485,0.00050469052252,0.00050469052252,0.000622628975019,0.999999545995
9,low_iid,erp,0.118939179806,0.1009382567,-0.0180009231065,0.0180009231065,0.0200139280824,0.994117923245
9,low_iid,vrp,-0.00471541874737,-0.00432442797232,0.000390990775048,0.000613057161566,0.000689181845522,0.994117923245
9,spatial_corr,erp,0.118939179806,0.101612106703,-0.0173270731031,0.0173315057053,0.0194546974191,0.993571389089
9,spatial_corr,vrp,-0.00471541874737,-0.00442523098959,0.000290187757782,0.000592665274537,0.000678368878217,0.993571389089
9,persistent_factor,erp,0.118939179806,0.102065799584,-0.0168733802225,0.0169140329637,0.0196008624694,0.993859781561
9,persistent_factor,vrp,-0.00471541874737,-0.00431400031815,0.000401418429223,0.000652359208609,0.000728727973229,0.993859781561
10,clean,erp,0.10300426802,0.0607481953703,-0.0422560726497,0.0422560726497,0.0471971497344,0.999994672278
10,clean,vrp,-0.00402786197866,-0.00478610776601,-0.000758245787352,0.000758245787352,0.000893367545262,0.999994672278
10,low_iid,erp,0.10300426802,0.0627235145827,-0.0402807534373,0.0402807534373,0.0427166879013,0.992673849935
10,low_iid,vrp,-0.00402786197866,-0.00362775955422,0.000400102424436,0.000462676947337,0.000536130305388,0.992673849935
10,spatial_corr,erp,0.10300426802,0.0610633232841,-0.041940944736,0.041940944736,0.0445337012371,0.992497541842
10,spatial_corr,vrp,-0.00402786197866,-0.00342408802665,0.000603773952011,0.000603871758995,0.000670629424547,0.992497541842
10,persistent_factor,erp,0.10300426802,0.0618422933415,-0.0411619746786,0.0411619746786,0.0432456936617,0.992690829301
10,persistent_factor,vrp,-0.00402786197866,-0.00340277849435,0.000625083484306,0.000626219167029,0.000702164110893,0.992690829301
11,clean,erp,0.114348134276,0.0771197612875,-0.0372283729886,0.0372283729886,0.0404226295414,0.999957370385
11,clean,vrp,-0.004517325123,-0.00569991249121,-0.00118258736821,0.00118258736821,0.00140447893846,0.999957370385
11,low_iid,erp,0.114348134276,0.0782752311376,-0.0360729031386,0.0360729031386,0.0369768958884,0.99178843844
11,low_iid,vrp,-0.004517325123,-0.00513164646157,-0.00061432133857,0.000903836668998,0.0014000393761,0.99178843844
11,spatial_corr,erp,0.114348134276,0.0789287888671,-0.035419345409,0.035419345409,0.036436399161,0.990290764747
11,spatial_corr,vrp,-0.004517325123,-0.00411798914112,0.000399335981882,0.000615781253376,0.00068922412527,0.990290764747
11,persistent_factor,erp,0.114348134276,0.081018952146,-0.0333291821301,0.0333291821301,0.0340460074147,0.991771998125
11,persistent_factor,vrp,-0.004517325123,-0.0050532084643,-0.000535883341297,0.000862211949248,0.00138334034284,0.991771998125
12,clean,erp,0.118866347699,0.1549976853,0.0361313376004,0.0361313376004,0.0408789641686,0.999957956835
12,clean,vrp,-0.00471227620043,-0.0059205283214,-0.00120825212097,0.00120825212097,0.00145173135194,0.999957956835
12,low_iid,erp,0.118866347699,0.152103051072,0.0332367033733,0.0364521127485,0.0489215276046,0.992072974356
12,low_iid,vrp,-0.00471227620043,-0.00488297879636,-0.000170702595928,0.000569203569299,0.00091298818433,0.992072974356
12,spatial_corr,erp,0.118866347699,0.150151564005,0.0312852163063,0.0349109992228,0.0471622318316,0.991309297169
12,spatial_corr,vrp,-0.00471227620043,-0.0049783554264,-0.000266079225968,0.000612153028123,0.00102051167409,0.991309297169
12,persistent_factor,erp,0.118866347699,0.152736237363,0.0338698896641,0.0370311580345,0.0493061971212,0.991624767318
12,persistent_factor,vrp,-0.00471227620043,-0.0050360325864,-0.000323756385972,0.000624289729021,0.00104053350855,0.991624767318
13,clean,erp,0.13064349847,0.0842374203352,-0.0464060781351,0.0464060781351,0.0531478021469,0.999998852694
13,clean,vrp,-0.00522043462875,-0.00380378775666,0.00141664687209,0.00141664687209,0.00167538076631,0.999998852694
13,low_iid,erp,0.13064349847,0.0860454450164,-0.0445980534539,0.0445980534539,0.0470915016474,0.994241508735
13,low_iid,vrp,-0.00522043462875,-0.00443909919419,0.000781335434556,0.000781335434556,0.000857219996833,0.994241508735
13,spatial_corr,erp,0.13064349847,0.0856859446356,-0.0449575538347,0.0449575538347,0.0474690588152,0.993896264973
13,spatial_corr,vrp,-0.00522043462875,-0.00431897341391,0.00090146121484,0.00090146121484,0.000962508565818,0.993896264973
13,persistent_factor,erp,0.13064349847,0.0855620037679,-0.0450814947024,0.0450814947024,0.0478027069157,0.994123035522
13,persistent_factor,vrp,-0.00522043462875,-0.00439079017525,0.000829644453504,0.000829644453504,0.000894134375286,0.994123035522
14,clean,erp,0.0982564676737,0.101017792119,0.00276132444529,0.00353707541894,0.00393115878976,0.999980035706
14,clean,vrp,-0.00382300472508,-0.00451292252614,-0.000689917801062,0.000689917801062,0.000711511801532,0.999980035706
14,low_iid,erp,0.0982564676737,0.10072509034,0.00246862266616,0.00710443073637,0.0102067908173,0.992396146386
14,low_iid,vrp,-0.00382300472508,-0.0033198997391,0.000503104985982,0.000503862122265,0.000583852323053,0.992396146386
14,spatial_corr,erp,0.0982564676737,0.0988768355863,0.000620367912601,0.00707413087874,0.00947661029151,0.991586557933
14,spatial_corr,vrp,-0.00382300472508,-0.00335798620205,0.000465018523032,0.000468720215159,0.000552885427168,0.991586557933
14,persistent_factor,erp,0.0982564676737,0.10082580453,0.00256933685598,0.0105129456744,0.0145353330717,0.992064454295
14,persistent_factor,vrp,-0.00382300472508,-0.00304926138976,0.000773743335314,0.000773743335314,0.000830874900219,0.992064454295
15,clean,erp,0.119087046862,0.0858116125336,-0.0332754343285,0.0332754343285,0.0428018490474,0.999991519258
15,clean,vrp,-0.00472179888906,-0.00357992033214,0.00114187855692,0.00114247494857,0.00158529899036,0.999991519258
15,low_iid,erp,0.119087046862,0.0838607930129,-0.0352262538491,0.0352262538491,0.0395886080831,0.996590833373
15,low_iid,vrp,-0.00472179888906,-0.00313286395315,0.00158893493591,0.00158893493591,0.00187487876599,0.996590833373
15,spatial_corr,erp,0.119087046862,0.0845456176083,-0.0345414292537,0.0345414292537,0.0388940719171,0.996310230612
15,spatial_corr,vrp,-0.00472179888906,-0.00311417648468,0.00160762240438,0.00160762240438,0.00190378294901,0.996310230612
15,persistent_factor,erp,0.119087046862,0.0848606076221,-0.03422643924,0.03422643924,0.0386140721655,0.996439569447
15,persistent_factor,vrp,-0.00472179888906,-0.00297845190425,0.00174334698481,0.00174334698481,0.00208151640232,0.996439569447
16,clean,erp,0.11577968117,0.130455415459,0.0146757342897,0.0146757342897,0.0158879469486,0.999997257373
16,clean,vrp,-0.00457909325636,-0.00372071925394,0.000858374002426,0.000858472153231,0.00118497989372,0.999997257373
16,low_iid,erp,0.11577968117,0.127300100029,0.0115204188593,0.0183246814677,0.0245737019978,0.995721131574
16,low_iid,vrp,-0.00457909325636,-0.0031224690018,0.00145662425456,0.00145662425456,0.00169518662634,0.995721131574
16,spatial_corr,erp,0.11577968117,0.127834750363,0.0120550691934,0.0190321996988,0.0256759516445,0.995613166955
16,spatial_corr,vrp,-0.00457909325636,-0.00315261975639,0.00142647349997,0.00142647349997,0.0016504111043,0.995613166955
16,persistent_factor,erp,0.11577968117,0.127595666225,0.0118159850555,0.0186309587957,0.0253863877348,0.995789886228
16,persistent_factor,vrp,-0.00457909325636,-0.00314305655821,0.00143603669816,0.00143603669816,0.00166113643108,0.995789886228
17,clean,erp,0.119614621828,0.108847523287,-0.0107670985409,0.0110461906432,0.0179155286793,0.999889345994
17,clean,vrp,-0.00474456260081,-0.00324670492899,0.00149785767182,0.00149785767182,0.0020743774421,0.999889345994
17,low_iid,erp,0.119614621828,0.108182010307,-0.0114326115212,0.0126223983663,0.0149054326922,0.995860777111
17,low_iid,vrp,-0.00474456260081,-0.0032075114727,0.00153705112811,0.00153705112811,0.00176625096993,0.995860777111
17,spatial_corr,erp,0.119614621828,0.10711712812,-0.0124974937082,0.0129851783301,0.0152793445198,0.99575061283
17,spatial_corr,vrp,-0.00474456260081,-0.00342653287324,0.00131802972757,0.00131802972757,0.00149994926574,0.99575061283
17,persistent_factor,erp,0.119614621828,0.104659095025,-0.0149555268032,0.0149946304556,0.0169385842524,0.995832832517
17,persistent_factor,vrp,-0.00474456260081,-0.00328756709325,0.00145699550756,0.00145699550756,0.00168075827997,0.995832832517
18,clean,erp,0.11984114545,0.0524563416912,-0.0673848037588,0.0673848037588,0.0755873111821,0.999998702352
18,clean,vrp,-0.00475433660218,-0.00461523345266,0.000139103149529,0.000139103149529,0.000143682953057,0.999998702352
18,low_iid,erp,0.11984114545,0.0497010918234,-0.0701400536266,0.0701400536266,0.0760888020511,0.991034256547
18,low_iid,vrp,-0.00475433660218,-0.00479110213066,-3.67655284739e-05,0.00063645273436,0.000909389581709,0.991034256547
18,spatial_corr,erp,0.11984114545,0.0499787611271,-0.0698623843228,0.0698623843228,0.0757591082743,0.990455685824
18,spatial_corr,vrp,-0.00475433660218,-0.00507353144675,-0.00031919484457,0.000752932055358,0.0011787904177,0.990455685824
18,persistent_factor,erp,0.11984114545,0.0501669330044,-0.0696742124456,0.0696742124456,0.0757005887402,0.991127801306
18,persistent_factor,vrp,-0.00475433660218,-0.00491954882436,-0.000165212222179,0.000627838141712,0.000969813887405,0.991127801306
19,clean,erp,0.114675105722,0.124987212794,0.0103121070717,0.0103121070717,0.0107577063028,0.999984661951
19,clean,vrp,-0.00453143322941,-0.00431350692809,0.000217926301315,0.000229725942746,0.000326413326147,0.999984661951
19,low_iid,erp,0.114675105722,0.117267751342,0.00259264561969,0.0137711044792,0.0191788598377,0.99340810372
19,low_iid,vrp,-0.00453143322941,-0.00371221100747,0.000819222221932,0.000819222221932,0.000876297990198,0.99340810372
19,spatial_corr,erp,0.114675105722,0.115074129848,0.000399024125674,0.01302839679,0.0176585589401,0.993100293016
19,spatial_corr,vrp,-0.00453143322941,-0.003722172777,0.00080926045241,0.00080926045241,0.000870166673407,0.993100293016
19,persistent_factor,erp,0.114675105722,0.118970567822,0.00429546209963,0.0146498242844,0.0200001164676,0.992402032595
19,persistent_factor,vrp,-0.00453143322941,-0.00396058186513,0.000570851364276,0.000580731429567,0.00069398875162,0.992402032595
20,clean,erp,0.111549716856,0.128179075521,0.0166293586651,0.0166293586651,0.0178648766605,0.999700737829
20,clean,vrp,-0.00439657950076,-0.00546803938029,-0.00107145987953,0.00107145987953,0.00119701078128,0.999700737829
20,low_iid,erp,0.111549716856,0.124413129896,0.01286341304,0.0216126537051,0.0303387140967,0.988981695409
20,low_iid,vrp,-0.00439657950076,-0.00494423307293,-0.000547653572171,0.000994291569649,0.0014096796057,0.988981695409
20,spatial_corr,erp,0.111549716856,0.123388163567,0.0118384467109,0.0206402806858,0.0290219861857,0.988754660267
20,spatial_corr,vrp,-0.00439657950076,-0.00506518062094,-0.000668601120176,0.00109878580583,0.00152227879525,0.988754660267
20,persistent_factor,erp,0.111549716856,0.124918949377,0.0133692325212,0.0232638029816,0.0305523097939,0.989240837088
20,persistent_factor,vrp,-0.00439657950076,-0.0045532078574,-0.000156628356636,0.000681682251224,0.00100016783427,0.989240837088
21,clean,erp,0.106325259179,0.13792566607,0.0316004068907,0.0316004068907,0.0334963255673,0.999928045989
21,clean,vrp,-0.00417115552058,-0.00487474244342,-0.000703586922834,0.000703586922834,0.00073630680352,0.999928045989
21,low_iid,erp,0.106325259179,0.139086731135,0.0327614719561,0.0332260541133,0.042073193047,0.992073763632
21,low_iid,vrp,-0.00417115552058,-0.00397387508139,0.000197280439199,0.00033408433682,0.000391069863351,0.992073763632
21,spatial_corr,erp,0.106325259179,0.140543320289,0.0342180611103,0.0358853098631,0.0469667032036,0.991614272641
21,spatial_corr,vrp,-0.00417115552058,-0.00343980530856,0.000731350212029,0.000731350212029,0.000784867610576,0.991614272641
21,persistent_factor,erp,0.106325259179,0.14069854706,0.0343732878814,0.0360500669005,0.0476670982505,0.991514585362
21,persistent_factor,vrp,-0.00417115552058,-0.00340243092969,0.000768724590893,0.000768724590893,0.000820378400936,0.991514585362
22,clean,erp,0.106533670907,0.153675979966,0.0471423090596,0.0471423090596,0.050358200115,0.999559660391
22,clean,vrp,-0.00418014803313,-0.00569293643901,-0.00151278840588,0.00151278840588,0.00164859345102,0.999559660391
22,low_iid,erp,0.106533670907,0.150393870022,0.0438601991151,0.0439719510492,0.054395818031,0.990137121052
22,low_iid,vrp,-0.00418014803313,-0.00413886146073,4.12865724002e-05,0.000346924834545,0.000446003989685,0.990137121052
22,spatial_corr,erp,0.106533670907,0.148427265272,0.0418935943654,0.0420590002038,0.0518761076557,0.989237583834
22,spatial_corr,vrp,-0.00418014803313,-0.00397159683633,0.000208551196804,0.000366279243597,0.00042626102331,0.989237583834
22,persistent_factor,erp,0.106533670907,0.150186816597,0.0436531456898,0.0438384397316,0.053147425866,0.990084212321
22,persistent_factor,vrp,-0.00418014803313,-0.00381033203066,0.000369816002469,0.000399109175418,0.000478432716259,0.990084212321
23,clean,erp,0.126858448408,0.122844652464,-0.00401379594308,0.00433823768277,0.00469913050381,0.999820947076
23,clean,vrp,-0.00505711795493,-0.00575449581063,-0.000697377855705,0.00071719715051,0.000977989939896,0.999820947076
23,low_iid,erp,0.126858448408,0.127787391838,0.000928943430479,0.0160847293893,0.0203892400866,0.991522079274
23,low_iid,vrp,-0.00505711795493,-0.0057746047132,-0.000717486758268,0.00107558368824,0.00162755739569,0.991522079274
23,spatial_corr,erp,0.126858448408,0.127832083872,0.000973635464847,0.0161433724793,0.0208160362368,0.99062311377
23,spatial_corr,vrp,-0.00505711795493,-0.00576070315101,-0.000703585196076,0.001070678015,0.0016278597945,0.99062311377
23,persistent_factor,erp,0.126858448408,0.126991330867,0.000132882459213,0.0161173261183,0.0204405169645,0.990910515522
23,persistent_factor,vrp,-0.00505711795493,-0.00575041173633,-0.000693293781399,0.00107160495167,0.00162206635865,0.990910515522
24,clean,erp,0.105173716981,0.090729762159,-0.0144439548216,0.0144439548216,0.0166245003354,0.99999574791
24,clean,vrp,-0.00412146898052,-0.00422693592774,-0.000105466947223,0.000105466947223,0.000105682902753,0.99999574791
24,low_iid,erp,0.105173716981,0.0861839341215,-0.0189897828592,0.0189909941506,0.0211666067875,0.990915442925
24,low_iid,vrp,-0.00412146898052,-0.00389766487562,0.000223804104899,0.000581838717707,0.000752994901657,0.990915442925
24,spatial_corr,erp,0.105173716981,0.0854947716075,-0.0196789453732,0.0196911996159,0.0210703641353,0.991979858016
24,spatial_corr,vrp,-0.00412146898052,-0.00378162624653,0.000339842733991,0.000538815605945,0.000623951933825,0.991979858016
24,persistent_factor,erp,0.105173716981,0.0880912814527,-0.0170824355279,0.0170824355279,0.0185033061273,0.99175794993
24,persistent_factor,vrp,-0.00412146898052,-0.00383486197968,0.000286607000844,0.000445384127439,0.000526117527972,0.99175794993
25,clean,erp,0.120905372731,0.160559250164,0.0396538774329,0.0396538774329,0.0442156573767,0.999952886157
25,clean,vrp,-0.00480025569355,-0.0055936348119,-0.000793379118347,0.000793379118347,0.000949017486496,0.999952886157
25,low_iid,erp,0.120905372731,0.155815000782,0.0349096280513,0.0380199250481,0.0503538739614,0.991057371382
25,low_iid,vrp,-0.00480025569355,-0.00504943089969,-0.000249175206138,0.000609089289387,0.000987727033936,0.991057371382
25,spatial_corr,erp,0.120905372731,0.155549328766,0.0346439560357,0.037821179848,0.0499687030977,0.99039141143
25,spatial_corr,vrp,-0.00480025569355,-0.00511236946169,-0.000312113768133,0.000639405089988,0.00103894712615,0.99039141143
25,persistent_factor,erp,0.120905372731,0.156443258774,0.0355378860432,0.0390730066769,0.0514865354936,0.990394216798
25,persistent_factor,vrp,-0.00480025569355,-0.00498469992794,-0.00018444423439,0.000626984666341,0.000952873917838,0.990394216798
26,clean,erp,0.104166192213,0.0838297849289,-0.020336407284,0.020336407284,0.0251637080329,0.99999442307
26,clean,vrp,-0.0040779964792,-0.00381097906353,0.000267017415667,0.000319136109952,0.000471255429845,0.99999442307
26,low_iid,erp,0.104166192213,0.0743325597986,-0.0298336324143,0.0298336324143,0.0311083774213,0.993880721022
26,low_iid,vrp,-0.0040779964792,-0.00330914683885,0.000768849640349,0.000768849640349,0.000815759223835,0.993880721022
26,spatial_corr,erp,0.104166192213,0.0773101582456,-0.0268560339673,0.0268560339673,0.0282874995236,0.993072561709
26,spatial_corr,vrp,-0.0040779964792,-0.0032042188854,0.000873777593797,0.000873777593797,0.000936860324967,0.993072561709
26,persistent_factor,erp,0.104166192213,0.0792291085272,-0.0249370836857,0.0249370836857,0.0261675071207,0.993491971918
26,persistent_factor,vrp,-0.0040779964792,-0.00318691182392,0.000891084655272,0.000891084655272,0.000952508052944,0.993491971918
27,clean,erp,0.117614622649,0.150785467311,0.0331708446615,0.0331708446615,0.0382447498281,0.99999445197
27,clean,vrp,-0.00465826698831,-0.00351110659179,0.00114716039653,0.00114716039653,0.00137854707652,0.99999445197
27,low_iid,erp,0.117614622649,0.152838563106,0.0352239404573,0.039006258398,0.0536225091026,0.995545979268
27,low_iid,vrp,-0.00465826698831,-0.00392837628497,0.000729890703346,0.000729890703346,0.000784854413129,0.995545979268
27,spatial_corr,erp,0.117614622649,0.152919725147,0.0353051024977,0.0390510058209,0.0540296027068,0.995353044937
27,spatial_corr,vrp,-0.00465826698831,-0.00389502717345,0.000763239814863,0.000763239814863,0.000816862037413,0.995353044937
27,persistent_factor,erp,0.117614622649,0.153908397454,0.0362937748048,0.0399963706599,0.0550750922902,0.995505013488
27,persistent_factor,vrp,-0.00465826698831,-0.0038205871364,0.00083767985191,0.00083767985191,0.000883624160295,0.995505013488
28,clean,erp,0.108911937108,0.0784834280455,-0.0304285090625,0.0304285090625,0.0339670845291,0.999977708232
28,clean,vrp,-0.00428276504453,-0.00499236202123,-0.000709596976697,0.000709596976697,0.000787435676046,0.999977708232
28,low_iid,erp,0.108911937108,0.0759552846301,-0.0329566524779,0.0329566524779,0.0339575113196,0.989917722497
28,low_iid,vrp,-0.00428276504453,-0.00424569646762,3.70685769094e-05,0.00056102799543,0.000796440727091,0.989917722497
28,spatial_corr,erp,0.108911937108,0.0772032501318,-0.0317086869762,0.0317086869762,0.0327185479497,0.989366758307
28,spatial_corr,vrp,-0.00428276504453,-0.00446068163291,-0.000177916588384,0.000635854984276,0.0009530061599,0.989366758307
28,persistent_factor,erp,0.108911937108,0.078621047032,-0.030290890076,0.030290890076,0.0312484227951,0.989839562441
28,persistent_factor,vrp,-0.00428276504453,-0.00391939235165,0.000363372692877,0.00057787882538,0.000669840772188,0.989839562441
29,clean,erp,0.122887869753,0.115645151708,-0.00724271804481,0.00745031964489,0.0109304011448,0.999974303633
29,clean,vrp,-0.00488579612608,-0.00380493823048,0.0010808578956,0.0010808578956,0.00137883999911,0.999974303633
29,low_iid,erp,0.122887869753,0.107881114152,-0.0150067556006,0.0150067556006,0.0169520929664,0.994881406604
29,low_iid,vrp,-0.00488579612608,-0.00396005353779,0.000925742588291,0.000925742588291,0.000985992077508,0.994881406604
29,spatial_corr,erp,0.122887869753,0.106062901583,-0.0168249681694,0.0168249681694,0.0183745497278,0.994850658512
29,spatial_corr,vrp,-0.00488579612608,-0.00397675237725,0.000909043748832,0.000909043748832,0.000972304678847,0.994850658512
29,persistent_factor,erp,0.122887869753,0.105817677909,-0.017070191844,0.017070191844,0.0187341125458,0.994565906457
29,persistent_factor,vrp,-0.00488579612608,-0.00415387736091,0.000731918765172,0.000731918765172,0.000800800355941,0.994565906457
30,clean,erp,0.0953392243161,0.166004885413,0.0706656610968,0.0706656610968,0.0743559293359,0.999428261182
30,clean,vrp,-0.00369713202221,-0.00369763869704,-5.06674831904e-07,0.000336323625079,0.000432027914104,0.999428261182
30,low_iid,erp,0.0953392243161,0.153403415294,0.058064190978,0.0585693074296,0.0707060644604,0.990164203887
30,low_iid,vrp,-0.00369713202221,-0.00341923184569,0.000277900176517,0.000335399567715,0.000415619063536,0.990164203887
30,spatial_corr,erp,0.0953392243161,0.151073126851,0.0557339025351,0.0559238170571,0.0696667536883,0.988564680061
30,spatial_corr,vrp,-0.00369713202221,-0.00296917087842,0.000727961143791,0.000728459331725,0.000835857294839,0.988564680061
30,persistent_factor,erp,0.0953392243161,0.160472205317,0.0651329810005,0.0651332040091,0.0766348860179,0.989809765119
30,persistent_factor,vrp,-0.00369713202221,-0.00279905998588,0.000898072036329,0.000898072036329,0.0010761672944,0.989809765119
31,clean,erp,0.107483512682,0.102353774243,-0.00512973843917,0.00512973843917,0.00596782997314,0.999998554757
31,clean,vrp,-0.00422113163884,-0.0047901925755,-0.000569060936654,0.000569060936654,0.000657762793247,0.999998554757
31,low_iid,erp,0.107483512682,0.100390760795,-0.00709275188711,0.0112439765354,0.0132079803977,0.992342486907
31,low_iid,vrp,-0.00422113163884,-0.00481643506723,-0.00059530342839,0.000906210959149,0.00123132103049,0.992342486907
31,spatial_corr,erp,0.107483512682,0.101035812909,-0.0064476997726,0.0116976253918,0.0138378434251,0.992319288328
31,spatial_corr,vrp,-0.00422113163884,-0.00401727428538,0.000203857353464,0.000479195089879,0.000588782445998,0.992319288328
31,persistent_factor,erp,0.107483512682,0.101964733929,-0.00551877875282,0.0119791308808,0.0144681577465,0.991794899726
31,persistent_factor,vrp,-0.00422113163884,-0.00395653803193,0.000264593606911,0.000509420627859,0.000606725959221,0.991794899726
32,clean,erp,0.113100559395,0.0757086871043,-0.0373918722905,0.0373918722905,0.0407712697088,0.999978211066
32,clean,vrp,-0.00446349498163,-0.00578199246372,-0.0013184974821,0.0013184974821,0.00154421671137,0.999978211066
32,low_iid,erp,0.113100559395,0.0769074710124,-0.0361930883823,0.0361930883823,0.0370704036713,0.989753245066
32,low_iid,vrp,-0.00446349498163,-0.00492737017817,-0.000463875196541,0.000924115344042,0.00136629630805,0.989753245066
32,spatial_corr,erp,0.113100559395,0.0794987655523,-0.0336017938424,0.0336017938424,0.0344711434803,0.989547320134
32,spatial_corr,vrp,-0.00446349498163,-0.00485270625789,-0.000389211276265,0.000836502970114,0.00126463605988,0.989547320134
32,persistent_factor,erp,0.113100559395,0.0760478310895,-0.0370527283052,0.0370527283052,0.0380754887561,0.98919396701
32,persistent_factor,vrp,-0.00446349498163,-0.00510345689182,-0.000639961910189,0.0010760861121,0.00149957785997,0.98919396701
33,clean,erp,0.120419334334,0.136313522691,0.0158941883578,0.0158941883578,0.0174471542242,0.999998449883
33,clean,vrp,-0.00477928419436,-0.00505639958528,-0.000277115390925,0.000277115390925,0.000303043577655,0.999998449883
33,low_iid,erp,0.120419334334,0.131750450735,0.0113311164014,0.0186915366153,0.0280493973062,0.993107710054
33,low_iid,vrp,-0.00477928419436,-0.00517197808577,-0.000392693891414,0.000777595174059,0.00119270861955,0.993107710054
33,spatial_corr,erp,0.120419334334,0.131439402986,0.0110200686527,0.018515635986,0.0270594737357,0.992510870458
33,spatial_corr,vrp,-0.00477928419436,-0.00492162386941,-0.000142339675057,0.00061341353231,0.000911158906347,0.992510870458
33,persistent_factor,erp,0.120419334334,0.129728713062,0.00930937872834,0.0172875415851,0.0266137536721,0.993001816197
33,persistent_factor,vrp,-0.00477928419436,-0.0045396026817,0.000239681512657,0.000635560767776,0.000724271261316,0.993001816197
34,clean,erp,0.115723402478,0.0765875148415,-0.0391358876363,0.0391358876363,0.0468724446865,0.9999927107
34,clean,vrp,-0.00457666495327,-0.00413380951497,0.000442855438296,0.000453947808534,0.000641417566945,0.9999927107
34,low_iid,erp,0.115723402478,0.0755347501225,-0.0401886523553,0.0401886523553,0.0449232601304,0.995635344063
34,low_iid,vrp,-0.00457666495327,-0.00340557891514,0.00117108603813,0.00117108603813,0.00133061226636,0.995635344063
34,spatial_corr,erp,0.115723402478,0.0741489872575,-0.0415744152203,0.0415744152203,0.0454796846071,0.995630715862
34,spatial_corr,vrp,-0.00457666495327,-0.00328165776107,0.0012950071922,0.0012950071922,0.00142721464088,0.995630715862
34,persistent_factor,erp,0.115723402478,0.0745311856843,-0.0411922167934,0.0411922167934,0.0449021868185,0.995806871517
34,persistent_factor,vrp,-0.00457666495327,-0.00335636191312,0.00122030304015,0.00122030304015,0.00133139585345,0.995806871517
35,clean,erp,0.108738952661,0.158739627572,0.0500006749109,0.0500006749109,0.0534830585269,0.999960454187
35,clean,vrp,-0.00427530114207,-0.00449235047192,-0.000217049329849,0.000217500947061,0.000231339429854,0.999960454187
35,low_iid,erp,0.108738952661,0.151556143248,0.0428171905864,0.0440443363147,0.0567133043428,0.992098131324
35,low_iid,vrp,-0.00427530114207,-0.00357920760436,0.000696093537712,0.000696093537712,0.000754941973999,0.992098131324
35,spatial_corr,erp,0.108738952661,0.156764218661,0.0480252659996,0.0488850467336,0.0625228029586,0.991397235899
35,spatial_corr,vrp,-0.00427530114207,-0.00361935900416,0.000655942137906,0.000655942137906,0.000723714369365,0.991397235899
35,persistent_factor,erp,0.108738952661,0.156300342863,0.047561390202,0.0483440702874,0.0619598202138,0.992001689676
35,persistent_factor,vrp,-0.00427530114207,-0.00353602260708,0.000739278534986,0.000739278534986,0.000796506054018,0.992001689676
36,clean,erp,0.114776983878,0.101013001621,-0.0137639822566,0.0137639822566,0.0154957974742,0.999995715512
36,clean,vrp,-0.00453582905011,-0.0055568371208,-0.00102100807069,0.00102100807069,0.00120661922265,0.999995715512
36,low_iid,erp,0.114776983878,0.104650179703,-0.0101268041745,0.0128621692639,0.0143523400803,0.992966627616
36,low_iid,vrp,-0.00453582905011,-0.00371900939768,0.00081681965243,0.00081681965243,0.000872944571899,0.992966627616
36,spatial_corr,erp,0.114776983878,0.106504740082,-0.00827224379522,0.0127772303811,0.014663128224,0.992461645508
36,spatial_corr,vrp,-0.00453582905011,-0.00401713586689,0.000518693183215,0.000594971656244,0.000670884821547,0.992461645508
36,persistent_factor,erp,0.114776983878,0.10402825243,-0.0107487314474,0.0131502659715,0.0149149662641,0.992123315037
36,persistent_factor,vrp,-0.00453582905011,-0.00391474515123,0.000621083898881,0.000629286296895,0.000720325874084,0.992123315037
37,clean,erp,0.11563519158,0.0900982461795,-0.0255369454002,0.0255369454002,0.0284400475372,0.999981442978
37,clean,vrp,-0.00457285884497,-0.00489081573314,-0.000317956888171,0.000317956888171,0.000406598058189,0.999981442978
37,low_iid,erp,0.11563519158,0.0880182463008,-0.0276169452789,0.0276169452789,0.0287323083292,0.991479761226
37,low_iid,vrp,-0.00457285884497,-0.00441004464489,0.000162814200085,0.000606195800169,0.000753374451023,0.991479761226
37,spatial_corr,erp,0.11563519158,0.0870559613582,-0.0285792302214,0.0285792302214,0.0297140159176,0.991685920744
37,spatial_corr,vrp,-0.00457285884497,-0.00502000814182,-0.000447149296846,0.000832452706809,0.00122724910425,0.991685920744
37,persistent_factor,erp,0.11563519158,0.0843503257455,-0.0312848658342,0.0312848658342,0.0325320221559,0.991073759431
37,persistent_factor,vrp,-0.00457285884497,-0.00457911671058,-6.25786560493e-06,0.000598786700685,0.000850854118898,0.991073759431
38,clean,erp,0.125601032347,0.058390377665,-0.0672106546823,0.0672106546823,0.0754462441934,0.99999966056
38,clean,vrp,-0.00500286318811,-0.00418912977482,0.000813733413291,0.000813733413291,0.000938837041069,0.99999966056
38,low_iid,erp,0.125601032347,0.0623006357275,-0.0633003966198,0.0633003966198,0.0677055754764,0.994039636166
38,low_iid,vrp,-0.00500286318811,-0.00403333256806,0.00096953062005,0.00096953062005,0.00102003712416,0.994039636166
38,spatial_corr,erp,0.125601032347,0.0640285033097,-0.0615725290377,0.0615725290377,0.0655486405132,0.99358204679
38,spatial_corr,vrp,-0.00500286318811,-0.00400055093224,0.00100231225587,0.00100231225587,0.0010565525233,0.99358204679
38,persistent_factor,erp,0.125601032347,0.0611070159714,-0.0644940163759,0.0644940163759,0.069134447492,0.994122113505
38,persistent_factor,vrp,-0.00500286318811,-0.00397414136938,0.00102872181873,0.00102872181873,0.00107180685374,0.994122113505
39,clean,erp,0.108153947746,0.107628401759,-0.000525545987295,0.00306831702907,0.00409022087075,0.99997216961
39,clean,vrp,-0.00425005945296,-0.00464269061958,-0.000392631166613,0.000392631166613,0.000394542098954,0.99997216961
39,low_iid,erp,0.108153947746,0.107033975573,-0.00111997217314,0.0100097633898,0.0132915227785,0.993204939133
39,low_iid,vrp,-0.00425005945296,-0.00349011405546,0.000759945397507,0.000759945397507,0.000810091939483,0.993204939133
39,spatial_corr,erp,0.108153947746,0.107564031284,-0.000589916461378,0.010074142215,0.0133716024374,0.992383349874
39,spatial_corr,vrp,-0.00425005945296,-0.00354504425087,0.000705015202098,0.000705015202098,0.000764687713094,0.992383349874
39,persistent_factor,erp,0.108153947746,0.107608830902,-0.000545116844283,0.0105602784648,0.0146548695657,0.993138522899
39,persistent_factor,vrp,-0.00425005945296,-0.00402920307751,0.000220856375455,0.000462614088132,0.000546547284587,0.993138522899
40,clean,erp,0.137335328914,0.133260777511,-0.0040745514032,0.0040745514032,0.00409715874947,0.99998652841
40,clean,vrp,-0.00550917255077,-0.00464165977776,0.000867512773007,0.000867512773007,0.000944219868669,0.99998652841
40,low_iid,erp,0.137335328914,0.124329018089,-0.0130063108253,0.0130063108253,0.0154627782506,0.995642675681
40,low_iid,vrp,-0.00550917255077,-0.00476312849682,0.000746044053945,0.000746044053945,0.000804880171326,0.995642675681
40,spatial_corr,erp,0.137335328914,0.130965583548,-0.0063697453662,0.012954376626,0.0143925877811,0.994826603389
40,spatial_corr,vrp,-0.00550917255077,-0.00448581442892,0.00102335812185,0.00102335812185,0.00106648507044,0.994826603389
40,persistent_factor,erp,0.137335328914,0.131324031706,-0.00601129720848,0.0124719000451,0.0138022214059,0.995038453892
40,persistent_factor,vrp,-0.00550917255077,-0.00425404043253,0.00125513211823,0.00125513211823,0.00130198774536,0.995038453892
41,clean,erp,0.10778402254,0.0968095836059,-0.0109744389345,0.0109800903552,0.0119847148981,0.999959003006
41,clean,vrp,-0.00423409798532,-0.0055607730419,-0.00132667505659,0.00132667505659,0.00153242179324,0.999959003006
41,low_iid,erp,0.10778402254,0.118333422033,0.0105493994926,0.019400539434,0.0264513869304,0.99012232826
41,low_iid,vrp,-0.00423409798532,-0.00441121585992,-0.000177117874603,0.000626035461392,0.000948745253612,0.99012232826
41,spatial_corr,erp,0.10778402254,0.0924702988046,-0.0153137237358,0.0161935478427,0.0185864341796,0.989159015258
41,spatial_corr,vrp,-0.00423409798532,-0.00466714265818,-0.000433044672861,0.000850690545756,0.00122603270273,0.989159015258
41,persistent_factor,erp,0.10778402254,0.0933655842981,-0.0144184382422,0.0147042140152,0.0174326896054,0.989784439376
41,persistent_factor,vrp,-0.00423409798532,-0.00489988930627,-0.000665791320958,0.00106459474689,0.00137887417737,0.989784439376
42,clean,erp,0.132310273754,0.0549985913017,-0.0773116824523,0.0773116824523,0.0887706275873,0.999989486943
42,clean,vrp,-0.00529235235529,-0.00411923005162,0.00117312230366,0.00117312230366,0.00140457831446,0.999989486943
42,low_iid,erp,0.132310273754,0.0474356468452,-0.0848746269087,0.0848746269087,0.0938001845609,0.993731914286
42,low_iid,vrp,-0.00529235235529,-0.00390626480245,0.00138608755284,0.00138608755284,0.00143704174324,0.993731914286
42,spatial_corr,erp,0.132310273754,0.0459245403903,-0.0863857333637,0.0863857333637,0.0956243766225,0.99296082333
42,spatial_corr,vrp,-0.00529235235529,-0.00428038038641,0.00101197196888,0.00101197196888,0.00109337365501,0.99296082333
42,persistent_factor,erp,0.132310273754,0.0465131371851,-0.0857971365689,0.0857971365689,0.0949456279603,0.993433474011
42,persistent_factor,vrp,-0.00529235235529,-0.00419222855177,0.00110012380352,0.00110012380352,0.00116134057915,0.993433474011
43,clean,erp,0.115812278575,0.112361928011,-0.0034503505641,0.0034698829473,0.00443744650211,0.999997228804
43,clean,vrp,-0.00458049976346,-0.00448331189356,9.71878699085e-05,0.000105638779196,0.000143018776651,0.999997228804
43,low_iid,erp,0.115812278575,0.108229669854,-0.00758260872084,0.012384838028,0.0145199837748,0.99293418269
43,low_iid,vrp,-0.00458049976346,-0.00435009386617,0.00023040589729,0.000510770360835,0.000623115893267,0.99293418269
43,spatial_corr,erp,0.115812278575,0.10762575589,-0.0081865226849,0.0136158533499,0.0157941385301,0.992575558686
43,spatial_corr,vrp,-0.00458049976346,-0.00418112709595,0.000399372667512,0.000578231945679,0.000670092194766,0.992575558686
43,persistent_factor,erp,0.115812278575,0.106542991562,-0.00926928701291,0.0139792467032,0.0161778715264,0.992653779506
43,persistent_factor,vrp,-0.00458049976346,-0.00421515018754,0.000365349575924,0.00058608210248,0.000682575966364,0.992653779506
44,clean,erp,0.126017872052,0.105067262413,-0.0209506096387,0.0209506096387,0.0240727730964,0.999996476841
44,clean,vrp,-0.00502084891429,-0.00424697786147,0.000773871052826,0.000773871052826,0.000914607439449,0.999996476841
44,low_iid,erp,0.126017872052,0.105467782921,-0.0205500891304,0.0205500891304,0.0215786456966,0.994999171242
44,low_iid,vrp,-0.00502084891429,-0.0044358388739,0.000585010040395,0.000585115168388,0.000683109975156,0.994999171242
44,spatial_corr,erp,0.126017872052,0.106024355609,-0.0199935164429,0.0199935164429,0.0211191728792,0.994836823604
44,spatial_corr,vrp,-0.00502084891429,-0.00435811036212,0.000662738552173,0.000662738552173,0.000740956533032,0.994836823604
44,persistent_factor,erp,0.126017872052,0.105336111682,-0.0206817603696,0.0206817603696,0.0217557211674,0.994994986274
44,persistent_factor,vrp,-0.00502084891429,-0.00420278762576,0.000818061288528,0.000818061288528,0.000869062245115,0.994994986274
45,clean,erp,0.114821392823,0.152200046643,0.0373786538197,0.0373786538197,0.0417996096966,0.999994492485
45,clean,vrp,-0.00453774519946,-0.00550182489785,-0.000964079698386,0.000964079698386,0.00113300231364,0.999994492485
45,low_iid,erp,0.114821392823,0.145492189027,0.030670796204,0.0361004121075,0.0482956797193,0.991037313216
45,low_iid,vrp,-0.00453774519946,-0.00472612843773,-0.000188383238267,0.000673982502611,0.00101592254221,0.991037313216
45,spatial_corr,erp,0.114821392823,0.145961873319,0.0311404804958,0.0365297728798,0.0477003531841,0.990071029975
45,spatial_corr,vrp,-0.00453774519946,-0.00522043562007,-0.000682690420606,0.00108800300117,0.00144968090842,0.990071029975
45,persistent_factor,erp,0.114821392823,0.149247176064,0.0344257832412,0.0390555279376,0.052562370488,0.99068795702
45,persistent_factor,vrp,-0.00453774519946,-0.0045919755224,-5.42303229335e-05,0.000616463958119,0.000912926398608,0.99068795702
46,clean,erp,0.108629512261,0.113448943438,0.00481943117637,0.00481943117637,0.00655846307061,0.999958515688
46,clean,vrp,-0.00427057902697,-0.00487448129835,-0.000603902271377,0.000603902271377,0.000764091503183,0.999958515688
46,low_iid,erp,0.108629512261,0.114752489827,0.00612297756514,0.0126983706193,0.0212701616422,0.993477536896
46,low_iid,vrp,-0.00427057902697,-0.00467406450035,-0.000403485473385,0.000682245097747,0.00112239741758,0.993477536896
46,spatial_corr,erp,0.108629512261,0.115352808611,0.00672329634947,0.0140853404751,0.0233093894159,0.992457975672
46,spatial_corr,vrp,-0.00427057902697,-0.00443042028533,-0.000159841258366,0.000621239297696,0.00095701503792,0.992457975672
46,persistent_factor,erp,0.108629512261,0.115827639789,0.00719812752799,0.0144389621411,0.0239418407121,0.992622505505
46,persistent_factor,vrp,-0.00427057902697,-0.00428689898728,-1.63199603078e-05,0.000637843105979,0.000849019826131,0.992622505505
47,clean,erp,0.112949188744,0.0804913300358,-0.032457858708,0.032457858708,0.0351165004315,0.999966148277
47,clean,vrp,-0.00445696366742,-0.00574025445787,-0.00128329079045,0.00128329079045,0.00150238343786,0.999966148277
47,low_iid,erp,0.112949188744,0.0758316890259,-0.0371174997178,0.0371174997178,0.0381972655839,0.992481221453
47,low_iid,vrp,-0.00445696366742,-0.00513013476171,-0.00067317109429,0.000920231156394,0.00134509827467,0.992481221453
47,spatial_corr,erp,0.112949188744,0.0787992460011,-0.0341499427427,0.0341499427427,0.0350838031878,0.991690559103
47,spatial_corr,vrp,-0.00445696366742,-0.00503110376809,-0.000574140100663,0.000844192365566,0.00125114849977,0.991690559103
47,persistent_factor,erp,0.112949188744,0.0764453667295,-0.0365038220143,0.0365038220143,0.037569385056,0.9921789748
47,persistent_factor,vrp,-0.00445696366742,-0.00505628482378,-0.000599321156352,0.000843713680002,0.00126079070719,0.9921789748
48,clean,erp,0.0929955225274,0.132345584226,0.0393500616988,0.0393500616988,0.0427870200545,0.999995923934
48,clean,vrp,-0.00359600639,-0.00437034376579,-0.000774337375798,0.000774337375798,0.000831488848348,0.999995923934
48,low_iid,erp,0.0929955225274,0.133941195515,0.0409456729875,0.0414103259749,0.0539267736079,0.987795780728
48,low_iid,vrp,-0.00359600639,-0.00299093034076,0.000605076049231,0.00060576000526,0.000681479743489,0.987795780728
48,spatial_corr,erp,0.0929955225274,0.137003829324,0.0440083067969,0.044344117515,0.0570638536371,0.985705081917
48,spatial_corr,vrp,-0.00359600639,-0.00299295411558,0.000603052274411,0.000605708523197,0.000692491686678,0.985705081917
48,persistent_factor,erp,0.0929955225274,0.141156618355,0.048161095828,0.0483083322008,0.0613101025393,0.986577810697
48,persistent_factor,vrp,-0.00359600639,-0.00265089541231,0.00094511097768,0.000945346799078,0.00104316723931,0.986577810697
49,clean,erp,0.105082757295,0.130632637251,0.0255498799562,0.0255498799562,0.0258873662619,0.999340840033
49,clean,vrp,-0.00411754426802,-0.00396058572582,0.000156958542195,0.000379006387376,0.000524437986181,0.999340840033
49,low_iid,erp,0.105082757295,0.13344418792,0.028361430625,0.0288371016299,0.0368260958478,0.993215970522
49,low_iid,vrp,-0.00411754426802,-0.00311679995762,0.0010007443104,0.0010007443104,0.00115126358191,0.993215970522
49,spatial_corr,erp,0.105082757295,0.122727079786,0.0176443224909,0.0214339233847,0.0294107010288,0.994283034113
49,spatial_corr,vrp,-0.00411754426802,-0.00300443033328,0.00111311393474,0.00111311393474,0.00120573749092,0.994283034113
49,persistent_factor,erp,0.105082757295,0.128182985738,0.0231002284434,0.0241555512089,0.0314338570289,0.993532366508
49,persistent_factor,vrp,-0.00411754426802,-0.00321871465417,0.000898829613848,0.000898829613848,0.00101954430198,0.993532366508
50,clean,erp,0.11230550499,0.110520383941,-0.00178512104815,0.00178857589245,0.00196838685593,0.999997671681
50,clean,vrp,-0.00442919011411,-0.00532700482138,-0.000897814707276,0.000897814707276,0.0010531515138,0.999997671681
50,low_iid,erp,0.11230550499,0.108521752993,-0.00378375199635,0.0120619282123,0.0137554557969,0.993626848774
50,low_iid,vrp,-0.00442919011411,-0.00526915150215,-0.000839961388046,0.00111308434276,0.00153219898739,0.993626848774
50,spatial_corr,erp,0.11230550499,0.108619876915,-0.00368562807455,0.0128185167055,0.0148410129968,0.992997867353
50,spatial_corr,vrp,-0.00442919011411,-0.00503595226631,-0.0006067621522,0.000932568619988,0.00131401380321,0.992997867353
50,persistent_factor,erp,0.11230550499,0.108186328098,-0.00411917689156,0.0122376601348,0.0136002255474,0.993868244581
50,persistent_factor,vrp,-0.00442919011411,-0.00541805373359,-0.000988863619485,0.00120907901653,0.0017171090687,0.993868244581
51,clean,erp,0.123978690355,0.131562298645,0.0075836082908,0.0075836082908,0.00799177294626,0.999997318552
51,clean,vrp,-0.00493286266139,-0.00441833040378,0.000514532257611,0.000514532257611,0.000626030886153,0.999997318552
51,low_iid,erp,0.123978690355,0.123266231949,-0.00071245840526,0.0134814501085,0.0162629596045,0.99399097303
51,low_iid,vrp,-0.00493286266139,-0.00474363283535,0.000189229826041,0.0005808952326,0.000652231470578,0.99399097303
51,spatial_corr,erp,0.123978690355,0.124734203145,0.000755512790304,0.0135857434479,0.0168798053166,0.994064322567
51,spatial_corr,vrp,-0.00493286266139,-0.0048382297588,9.46329025921e-05,0.000594662339366,0.000684877865102,0.994064322567
51,persistent_factor,erp,0.123978690355,0.125429082283,0.00145039192849,0.0139175047438,0.0181524871898,0.99370620924
51,persistent_factor,vrp,-0.00493286266139,-0.0044832668231,0.000449595838294,0.000548807566242,0.000660612485232,0.99370620924
52,clean,erp,0.109823832285,0.078941790642,-0.0308820416428,0.0308820416428,0.0387129947949,0.999995211784
52,clean,vrp,-0.0043221113371,-0.00362737948787,0.000694731849225,0.000702871165108,0.00100775843808,0.999995211784
52,low_iid,erp,0.109823832285,0.0770742609789,-0.0327495713059,0.0327495713059,0.0367984928096,0.995616927091
52,low_iid,vrp,-0.0043221113371,-0.00299393354248,0.00132817779461,0.00132817779461,0.00156188084446,0.995616927091
52,spatial_corr,erp,0.109823832285,0.0806469118012,-0.0291769204836,0.0291769204836,0.0316651030607,0.995584910707
52,spatial_corr,vrp,-0.0043221113371,-0.00286207138208,0.00146003995502,0.00146003995502,0.00167526303758,0.995584910707
52,persistent_factor,erp,0.109823832285,0.0805156610538,-0.029308171231,0.029308171231,0.0324659769903,0.995514854072
52,persistent_factor,vrp,-0.0043221113371,-0.00297900626108,0.00134310507602,0.00134310507602,0.00156658782003,0.995514854072
53,clean,erp,0.0953149499996,0.104611814525,0.0092968645253,0.0092968645253,0.00988845013665,0.998591598237
53,clean,vrp,-0.00369608463827,-0.00432449635499,-0.000628411716714,0.000628411716714,0.000636499225507,0.998591598237
53,low_iid,erp,0.0953149499996,0.107189284104,0.0118743341042,0.0169857096219,0.0214417426162,0.988910904596
53,low_iid,vrp,-0.00369608463827,-0.00287635157837,0.000819733059907,0.000819733059907,0.000874864251873,0.988910904596
53,spatial_corr,erp,0.0953149499996,0.10459821195,0.00928326195085,0.0154575550152,0.0192683524148,0.987505275407
53,spatial_corr,vrp,-0.00369608463827,-0.0029923581123,0.000703726525969,0.000703897744196,0.000764823681996,0.987505275407
53,persistent_factor,erp,0.0953149499996,0.0941611371815,-0.00115381281803,0.00941239801772,0.0129742321289,0.987645448425
53,persistent_factor,vrp,-0.00369608463827,-0.00359899638717,9.70882511014e-05,0.000383789333153,0.000516364288254,0.987645448425
54,clean,erp,0.115743643569,0.100504441735,-0.0152392018339,0.0152392018339,0.0185336223617,0.99999421742
54,clean,vrp,-0.00457753831231,-0.00458709049603,-9.55218371707e-06,7.9050047321e-05,9.93485240751e-05,0.99999421742
54,low_iid,erp,0.115743643569,0.0965595580625,-0.0191840855064,0.0191840855064,0.0205097419049,0.994153634808
54,low_iid,vrp,-0.00457753831231,-0.00434986475831,0.000227673554007,0.0005109017802,0.000594035945306,0.994153634808
54,spatial_corr,erp,0.115743643569,0.0974360455724,-0.0183075979966,0.0183075979966,0.0197653259381,0.994591800061
54,spatial_corr,vrp,-0.00457753831231,-0.00450563483519,7.19034771279e-05,0.000371311082107,0.000442729041487,0.994591800061
54,persistent_factor,erp,0.115743643569,0.0968623901523,-0.0188812534167,0.0188812534167,0.0201207028233,0.994500122984
54,persistent_factor,vrp,-0.00457753831231,-0.00404162817389,0.000535910138421,0.000544128708908,0.000634800681222,0.994500122984
55,clean,erp,0.122765768468,0.0703507780786,-0.0524149903898,0.0524149903898,0.0597259510302,0.999999987879
55,clean,vrp,-0.00488052772136,-0.00433126428605,0.000549263435309,0.000549263435309,0.00064619721693,0.999999987879
55,low_iid,erp,0.122765768468,0.0699004067225,-0.0528653617459,0.0528653617459,0.056377283255,0.993811150933
55,low_iid,vrp,-0.00488052772136,-0.00396546862398,0.000915059097376,0.000915059097376,0.000974942417161,0.993811150933
55,spatial_corr,erp,0.122765768468,0.0705512585812,-0.0522145098872,0.0522145098872,0.0555387742409,0.993641301607
55,spatial_corr,vrp,-0.00488052772136,-0.00399197000289,0.000888557718468,0.000888557718468,0.00095702654894,0.993641301607
55,persistent_factor,erp,0.122765768468,0.0701301413624,-0.052635627106,0.052635627106,0.05615806721,0.99403430497
55,persistent_factor,vrp,-0.00488052772136,-0.00397006706067,0.000910460660684,0.000910460660684,0.00096760616716,0.99403430497
56,clean,erp,0.108180924963,0.0477897333921,-0.0603911915705,0.0603911915705,0.0741442157068,0.999995947511
56,clean,vrp,-0.00425122346116,-0.0033669731713,0.00088425028986,0.000886197266698,0.00127427494858,0.999995947511
56,low_iid,erp,0.108180924963,0.0419398590859,-0.0662410658768,0.0662410658768,0.077466603902,0.995291891821
56,low_iid,vrp,-0.00425122346116,-0.00295953161085,0.00129169185032,0.00129169185032,0.00148229019799,0.995291891821
56,spatial_corr,erp,0.108180924963,0.0418634256482,-0.0663174993145,0.0663174993145,0.0776468692867,0.995144005761
56,spatial_corr,vrp,-0.00425122346116,-0.00294088023529,0.00131034322587,0.00131034322587,0.00151226630367,0.995144005761
56,persistent_factor,erp,0.108180924963,0.0428795145209,-0.0653014104417,0.0653014104417,0.0764980055397,0.994956554051
56,persistent_factor,vrp,-0.00425122346116,-0.00279046143313,0.00146076202804,0.00146076202804,0.00171082602827,0.994956554051
57,clean,erp,0.124450050598,0.0926025810986,-0.031847469499,0.031847469499,0.0337949966373,0.999958102626
57,clean,vrp,-0.00495320083018,-0.00598805466737,-0.0010348538372,0.0010348538372,0.00129665247369,0.999958102626
57,low_iid,erp,0.124450050598,0.0926898430061,-0.0317602075914,0.0317602075914,0.0324915685617,0.991977339222
57,low_iid,vrp,-0.00495320083018,-0.0055929877814,-0.000639786951225,0.00100764748925,0.00152164417649,0.991977339222
57,spatial_corr,erp,0.124450050598,0.092548636964,-0.0319014136335,0.0319014136335,0.0326621404842,0.991616156196
57,spatial_corr,vrp,-0.00495320083018,-0.00572625160992,-0.000773050779743,0.00111050164791,0.00164088038267,0.991616156196
57,persistent_factor,erp,0.124450050598,0.0910880597286,-0.0333619908689,0.0333619908689,0.0340666549691,0.992070071462
57,persistent_factor,vrp,-0.00495320083018,-0.00575614205994,-0.000802941229757,0.00116008652867,0.00167675688612,0.992070071462
58,clean,erp,0.0945601423772,0.151061236592,0.0565010942149,0.0565010942149,0.0597287490871,0.999922119276
58,clean,vrp,-0.00366351633185,-0.00371651146443,-5.29951325724e-05,0.000229019060134,0.000287462690105,0.999922119276
58,low_iid,erp,0.0945601423772,0.148809720031,0.0542495776541,0.0544513462174,0.0665852312203,0.99051600245
58,low_iid,vrp,-0.00366351633185,-0.00277067602604,0.000892840305819,0.000892840305819,0.00100375270095,0.99051600245
58,spatial_corr,erp,0.0945601423772,0.149360712523,0.0548005701456,0.0548988908009,0.0672292325809,0.989629786019
58,spatial_corr,vrp,-0.00366351633185,-0.00277473452639,0.000888781805468,0.000888781805468,0.00100323894755,0.989629786019
58,persistent_factor,erp,0.0945601423772,0.148007072662,0.0534469302853,0.05353370296,0.0656326403496,0.990879891984
58,persistent_factor,vrp,-0.00366351633185,-0.00277665906921,0.000886857262647,0.000886878737087,0.000995449208999,0.990879891984
59,clean,erp,0.0940881918541,0.0802363281774,-0.0138518636767,0.0152755543564,0.0188186054934,0.99690896786
59,clean,vrp,-0.00364315269376,-0.00488744609666,-0.0012442934029,0.0012442934029,0.00129273698783,0.99690896786
59,low_iid,erp,0.0940881918541,0.0803229416957,-0.0137652501584,0.0137976688259,0.015228099309,0.991656009481
59,low_iid,vrp,-0.00364315269376,-0.00258825169423,0.00105490099953,0.00105490099953,0.00112885842001,0.991656009481
59,spatial_corr,erp,0.0940881918541,0.0845518564391,-0.00953633541498,0.0108611215721,0.0124383448891,0.991518864029
59,spatial_corr,vrp,-0.00364315269376,-0.00256196067209,0.00108119202167,0.00108119202167,0.00115809781466,0.991518864029
59,persistent_factor,erp,0.0940881918541,0.0812576231435,-0.0128305687106,0.0133991999358,0.0150134478035,0.990991518663
59,persistent_factor,vrp,-0.00364315269376,-0.00354214101323,0.000101011680535,0.000406789503762,0.000527366366805,0.990991518663
60,clean,erp,0.102993991711,0.176287728643,0.0732937369319,0.0732937369319,0.0798158883595,0.99998827974
60,clean,vrp,-0.00402741857829,-0.00388391764469,0.000143500933593,0.000227312433324,0.000322101457524,0.99998827974
60,low_iid,erp,0.102993991711,0.161624592963,0.0586306012523,0.0593057985554,0.0743504065236,0.992668548924
60,low_iid,vrp,-0.00402741857829,-0.00317691798071,0.000850500597577,0.000850500597577,0.000924314652903,0.992668548924
60,spatial_corr,erp,0.102993991711,0.159803290893,0.0568092991821,0.0590444977884,0.0743325714044,0.991549268403
60,spatial_corr,vrp,-0.00402741857829,-0.0034409707664,0.000586447811889,0.000586926771934,0.000660981769633,0.991549268403
60,persistent_factor,erp,0.102993991711,0.1603494618,0.0573554700888,0.0582422652896,0.0735679910892,0.992381551364
60,persistent_factor,vrp,-0.00402741857829,-0.00337138722204,0.000656031356242,0.000656031356242,0.000718896719233,0.992381551364
61,clean,erp,0.101365179316,0.120438051616,0.0190728723003,0.0190728723003,0.0217579255841,0.999974450742
61,clean,vrp,-0.00395713886777,-0.00518145560182,-0.00122431673405,0.00122431673405,0.00143797024537,0.999974450742
61,low_iid,erp,0.101365179316,0.118266120726,0.01690094141,0.02310346592,0.0293995986871,0.990143648471
61,low_iid,vrp,-0.00395713886777,-0.00333411005328,0.000623028814495,0.000623526994863,0.000698153911888,0.990143648471
61,spatial_corr,erp,0.101365179316,0.120163551696,0.0187983723803,0.0230971505215,0.0303123652035,0.990268299625
61,spatial_corr,vrp,-0.00395713886777,-0.00325063870903,0.000706500158745,0.000706500158745,0.00076470369905,0.990268299625
61,persistent_factor,erp,0.101365179316,0.117730759161,0.0163655798449,0.0178171680946,0.0246532614084,0.9895987152
61,persistent_factor,vrp,-0.00395713886777,-0.00386209124357,9.50476241984e-05,0.000340100774399,0.000414023943453,0.9895987152
62,clean,erp,0.104567808221,0.133423895638,0.0288560874165,0.0288560874165,0.0322840728505,0.999972582835
62,clean,vrp,-0.00409532533603,-0.00506023473021,-0.000964909394182,0.000964909394182,0.00112539674111,0.999972582835
62,low_iid,erp,0.104567808221,0.133733465729,0.0291656575076,0.0347035453507,0.0435301253651,0.988863442937
62,low_iid,vrp,-0.00409532533603,-0.00377429355912,0.000321031776916,0.000512289753642,0.000600487004139,0.988863442937
62,spatial_corr,erp,0.104567808221,0.131881359217,0.0273135509956,0.0333245094641,0.0420874765989,0.988052003352
62,spatial_corr,vrp,-0.00409532533603,-0.00390750214973,0.000187823186306,0.000488900733857,0.000634687283408,0.988052003352
62,persistent_factor,erp,0.104567808221,0.13460590707,0.0300380988487,0.0351665169788,0.044041537228,0.988858676759
62,persistent_factor,vrp,-0.00409532533603,-0.00384480565525,0.000250519680786,0.000480782241522,0.000586690865824,0.988858676759
63,clean,erp,0.110880309507,0.0730037894544,-0.0378765200524,0.0378765200524,0.0423956089534,0.999987100398
63,clean,vrp,-0.0043676960303,-0.0047502072609,-0.000382511230606,0.000382511230606,0.000440997923028,0.999987100398
63,low_iid,erp,0.110880309507,0.072912337637,-0.0379679718698,0.0379679718698,0.0395602555543,0.991222112344
63,low_iid,vrp,-0.0043676960303,-0.004425586805,-5.78907747031e-05,0.000547336302702,0.000833195737663,0.991222112344
63,spatial_corr,erp,0.110880309507,0.0740179776923,-0.0368623318145,0.0368623318145,0.0383417566467,0.990516047543
63,spatial_corr,vrp,-0.0043676960303,-0.00460135036063,-0.000233654330331,0.000668682983514,0.00100540628741,0.990516047543
63,persistent_factor,erp,0.110880309507,0.0722764344565,-0.0386038750503,0.0386038750503,0.0403503004834,0.991227300697
63,persistent_factor,vrp,-0.0043676960303,-0.00458027992214,-0.000212583891846,0.000607854066872,0.000931254180866,0.991227300697
64,clean,erp,0.116300130053,0.110252939402,-0.00604719065112,0.00626766608264,0.00907727189692,0.999991045234
64,clean,vrp,-0.00460154949316,-0.00402784147839,0.000573708014771,0.000575769187138,0.000774961685836,0.999991045234
64,low_iid,erp,0.116300130053,0.100396559332,-0.0159035707214,0.0159061606158,0.0176083957708,0.994736887921
64,low_iid,vrp,-0.00460154949316,-0.00353751317889,0.00106403631427,0.00106403631427,0.00112746473093,0.994736887921
64,spatial_corr,erp,0.116300130053,0.100460354779,-0.0158397752738,0.0158865489403,0.0178188291513,0.994274990599
64,spatial_corr,vrp,-0.00460154949316,-0.00350246621009,0.00109908328307,0.00109908328307,0.00116334021805,0.994274990599
64,persistent_factor,erp,0.116300130053,0.100503536068,-0.0157965939848,0.015812418154,0.0176364799121,0.994759488052
64,persistent_factor,vrp,-0.00460154949316,-0.00358476113887,0.0010167883543,0.0010167883543,0.00107188107955,0.994759488052
65,clean,erp,0.11183639374,0.0851133809117,-0.0267230128285,0.0269738685771,0.0311135574466,0.99893840395
65,clean,vrp,-0.0044089489845,-0.00495137462674,-0.000542425642236,0.000542425642236,0.00056317259328,0.99893840395
65,low_iid,erp,0.11183639374,0.0793636266862,-0.032472767054,0.032472767054,0.0338609171261,0.990941347136
65,low_iid,vrp,-0.0044089489845,-0.00492349736838,-0.00051454838388,0.000851395298237,0.00110777027885,0.990941347136
65,spatial_corr,erp,0.11183639374,0.0790413442256,-0.0327950495146,0.0327950495146,0.0341958935552,0.990761493313
65,spatial_corr,vrp,-0.0044089489845,-0.00490187257194,-0.000492923587442,0.000825948485775,0.00108818407342,0.990761493313
65,persistent_factor,erp,0.11183639374,0.0780438273922,-0.0337925663481,0.0337925663481,0.0351516546857,0.989970111452
65,persistent_factor,vrp,-0.0044089489845,-0.00457265687497,-0.000163707890469,0.000562898611506,0.000837545634338,0.989970111452
66,clean,erp,0.111624040067,0.106133625626,-0.00549041444109,0.00549041444109,0.0068446210874,0.999999169787
66,clean,vrp,-0.00439978638557,-0.0043466711694,5.31152161757e-05,7.42533453973e-05,0.000109885553131,0.999999169787
66,low_iid,erp,0.111624040067,0.105540189072,-0.00608385099469,0.0136446174671,0.0156562345707,0.993497132999
66,low_iid,vrp,-0.00439978638557,-0.00388605941083,0.000513726974742,0.000590993632696,0.000683145884539,0.993497132999
66,spatial_corr,erp,0.111624040067,0.104452978871,-0.00717106119512,0.0142128836692,0.0160872728976,0.992986936836
66,spatial_corr,vrp,-0.00439978638557,-0.00386433484756,0.000535451538014,0.000610706243231,0.000708155896553,0.992986936836
66,persistent_factor,erp,0.111624040067,0.10667354027,-0.00495049979698,0.0127565927576,0.0152033179461,0.993457315076
66,persistent_factor,vrp,-0.00439978638557,-0.00420657383679,0.000193212548785,0.000539640974043,0.00065067677509,0.993457315076
67,clean,erp,0.132773244365,0.106526278056,-0.0262469663081,0.0262469663081,0.029268654866,0.999994514465
67,clean,vrp,-0.0053123285297,-0.00463455546,0.000677773069693,0.000677773069693,0.000754029436442,0.999994514465
67,low_iid,erp,0.132773244365,0.105030467261,-0.0277427771035,0.0277427771035,0.0287191177318,0.994717766698
67,low_iid,vrp,-0.0053123285297,-0.00483883441608,0.000473494113614,0.000563794302599,0.000680244174434,0.994717766698
67,spatial_corr,erp,0.132773244365,0.104816172785,-0.0279570715796,0.0279570715796,0.0289944704017,0.99423436385
67,spatial_corr,vrp,-0.0053123285297,-0.00473026832879,0.000582060200905,0.000599934252772,0.000736982875727,0.99423436385
67,persistent_factor,erp,0.132773244365,0.104029884683,-0.0287433596821,0.0287433596821,0.0297903878462,0.994566621472
67,persistent_factor,vrp,-0.0053123285297,-0.0049265831849,0.000385745344792,0.000584298967394,0.00065980343829,0.994566621472
68,clean,erp,0.11014994302,0.0696163281355,-0.0405336148843,0.0405336148843,0.0455818235738,0.99996509533
68,clean,vrp,-0.00433618230569,-0.00525651343311,-0.000920331127429,0.000920331127429,0.00102541040312,0.99996509533
68,low_iid,erp,0.11014994302,0.0706683934308,-0.039481549589,0.039481549589,0.0410415016105,0.990363716615
68,low_iid,vrp,-0.00433618230569,-0.00432887576297,7.30654271886e-06,0.000518769757525,0.000831017851543,0.990363716615
68,spatial_corr,erp,0.11014994302,0.0731268607564,-0.0370230822634,0.0370230822634,0.0383232919016,0.990403382546
68,spatial_corr,vrp,-0.00433618230569,-0.00426579244556,7.03898601278e-05,0.000539078279937,0.000807919208103,0.990403382546
68,persistent_factor,erp,0.11014994302,0.0711405929517,-0.0390093500681,0.0390093500681,0.0406560042632,0.991023986177
68,persistent_factor,vrp,-0.00433618230569,-0.00411681205932,0.000219370246363,0.0005227460794,0.000667788209296,0.991023986177
69,clean,erp,0.0983468039842,0.13852175905,0.040174955066,0.040174955066,0.04259167727,0.999984322534
69,clean,vrp,-0.0038269025403,-0.00396862678172,-0.000141724241416,0.000225318630551,0.000262107188628,0.999984322534
69,low_iid,erp,0.0983468039842,0.137316078475,0.0389692744908,0.0398932039549,0.0527002278564,0.992752641671
69,low_iid,vrp,-0.0038269025403,-0.00274272999952,0.00108417254078,0.00108417254078,0.00119975459242,0.992752641671
69,spatial_corr,erp,0.0983468039842,0.136329136015,0.0379823320306,0.0389958091862,0.0519297535103,0.991814553144
69,spatial_corr,vrp,-0.0038269025403,-0.00289480574914,0.000932096791161,0.000932096791161,0.00102524633898,0.991814553144
69,persistent_factor,erp,0.0983468039842,0.138636934795,0.0402901308105,0.0414904957302,0.0536713154909,0.991411682076
69,persistent_factor,vrp,-0.0038269025403,-0.0034830041944,0.000343898345902,0.000387649754583,0.000470653472055,0.991411682076
70,clean,erp,0.105076880823,0.0795526737046,-0.0255242071181,0.0260716649314,0.0306736921768,0.997558006708
70,clean,vrp,-0.00411729071102,-0.00499117965829,-0.000873888947264,0.000873888947264,0.000903369375474,0.997558006708
70,low_iid,erp,0.105076880823,0.0785259743886,-0.0265509064341,0.0265509064341,0.028191797792,0.989651306238
70,low_iid,vrp,-0.00411729071102,-0.0039411216827,0.000176169028322,0.000382827593536,0.000455125364228,0.989651306238
70,spatial_corr,erp,0.105076880823,0.0753343726395,-0.0297425081831,0.0297425081831,0.0317283543194,0.988825731284
70,spatial_corr,vrp,-0.00411729071102,-0.00392332359859,0.000193967112428,0.000388603034061,0.000457042350987,0.988825731284
70,persistent_factor,erp,0.105076880823,0.0785007556266,-0.0265761251961,0.0265761251961,0.0281838860868,0.99039163028
70,persistent_factor,vrp,-0.00411729071102,-0.0041016348207,1.56558903241e-05,0.00035777607449,0.000474144912562,0.99039163028
71,clean,erp,0.125305091043,0.0477066333681,-0.0775984576748,0.0775984576748,0.0874031770408,0.999987479062
71,clean,vrp,-0.0049900939648,-0.00477438764557,0.000215706319237,0.000215706319237,0.000233035810346,0.999987479062
71,low_iid,erp,0.125305091043,0.0440123486381,-0.0812927424049,0.0812927424049,0.0892874108518,0.99361706326
71,low_iid,vrp,-0.0049900939648,-0.0042713505623,0.000718743402502,0.000718743402502,0.000816107698698,0.99361706326
71,spatial_corr,erp,0.125305091043,0.0444666788893,-0.0808384121536,0.0808384121536,0.0887019692208,0.993225831909
71,spatial_corr,vrp,-0.0049900939648,-0.00418073078686,0.000809363177946,0.000809363177946,0.000888696578799,0.993225831909
71,persistent_factor,erp,0.125305091043,0.0441254211465,-0.0811796698965,0.0811796698965,0.0891446388551,0.993136540853
71,persistent_factor,vrp,-0.0049900939648,-0.00427719507037,0.000712898894434,0.000713160399757,0.000818675815891,0.993136540853
72,clean,erp,0.105266206923,0.102789384009,-0.00247682291333,0.00269811069996,0.0038332370826,0.99999352719
72,clean,vrp,-0.00412545972025,-0.00462858671529,-0.000503126995039,0.000503126995039,0.000535644368085,0.99999352719
72,low_iid,erp,0.105266206923,0.0982930908067,-0.00697311611582,0.012831141482,0.0155315875527,0.990555371239
72,low_iid,vrp,-0.00412545972025,-0.00400775538853,0.00011770433172,0.00051896954673,0.000693647823053,0.990555371239
72,spatial_corr,erp,0.105266206923,0.0978412048422,-0.00742500208033,0.0126741403446,0.0152070220953,0.990450006591
72,spatial_corr,vrp,-0.00412545972025,-0.00387408985337,0.000251369866879,0.000513558430862,0.000632221966807,0.990450006591
72,persistent_factor,erp,0.105266206923,0.0992311636108,-0.00603504331173,0.0125736361285,0.015608622562,0.989999142678
72,persistent_factor,vrp,-0.00412545972025,-0.00404763953805,7.78201822013e-05,0.000515021966298,0.000714670774437,0.989999142678
73,clean,erp,0.107037334622,0.0918212403857,-0.0152160942366,0.0152160942366,0.0181726415704,0.999998875079
73,clean,vrp,-0.00420188002647,-0.00493644490332,-0.000734564876851,0.000734564876851,0.000828393198916,0.999998875079
73,low_iid,erp,0.107037334622,0.0909190606919,-0.0161182739304,0.0162818437699,0.0180662532691,0.993046412686
73,low_iid,vrp,-0.00420188002647,-0.00358543218067,0.000616447845795,0.000635736695101,0.000711719318856,0.993046412686
73,spatial_corr,erp,0.107037334622,0.0943975273,-0.0126398073223,0.0137422219312,0.0153769835995,0.993552057982
73,spatial_corr,vrp,-0.00420188002647,-0.00340062411933,0.000801255907139,0.000801255907139,0.000853860153845,0.993552057982
73,persistent_factor,erp,0.107037334622,0.0948073397174,-0.012229994905,0.0134138033537,0.0149622680088,0.993684459416
73,persistent_factor,vrp,-0.00420188002647,-0.0034207395344,0.00078114049207,0.00078114049207,0.000833932638622,0.993684459416
74,clean,erp,0.10016774599,0.119840745757,0.0196729997667,0.0196729997667,0.0212970412484,0.999999516441
74,clean,vrp,-0.00390547222544,-0.0050078781942,-0.00110240596876,0.00110240596876,0.00122851654036,0.999999516441
74,low_iid,erp,0.10016774599,0.117933114761,0.0177653687711,0.0236396486704,0.0294768604714,0.991159227277
74,low_iid,vrp,-0.00390547222544,-0.00360591309324,0.000299559132196,0.00042645018843,0.00050697259363,0.991159227277
74,spatial_corr,erp,0.10016774599,0.116642058421,0.0164743124302,0.0222690530641,0.0275748082954,0.990683413302
74,spatial_corr,vrp,-0.00390547222544,-0.00348507037022,0.000420401855222,0.000450002253842,0.00054016359475,0.990683413302
74,persistent_factor,erp,0.10016774599,0.115214755587,0.0150470095968,0.0200949623163,0.0249820601791,0.991212928224
74,persistent_factor,vrp,-0.00390547222544,-0.00346733992593,0.000438132299503,0.000448807711834,0.000532113857608,0.991212928224
75,clean,erp,0.109958326245,0.0920551856869,-0.0179031405578,0.0179031405578,0.0213593115024,0.999998653499
75,clean,vrp,-0.0043279144588,-0.00413245068272,0.000195463776079,0.000207203182868,0.000295367355573,0.999998653499
75,low_iid,erp,0.109958326245,0.0890183235606,-0.020940002684,0.020940002684,0.0220515079567,0.99390723271
75,low_iid,vrp,-0.0043279144588,-0.00353144122897,0.000796473229834,0.000796473229834,0.000850430945013,0.99390723271
75,spatial_corr,erp,0.109958326245,0.0914644113182,-0.0184939149265,0.0184939149265,0.0200838698818,0.993512202536
75,spatial_corr,vrp,-0.0043279144588,-0.00347249519022,0.000855419268583,0.000855419268583,0.000909063305734,0.993512202536
75,persistent_factor,erp,0.109958326245,0.0899473591391,-0.0200109671056,0.0200109671056,0.0212294268054,0.993860849312
75,persistent_factor,vrp,-0.0043279144588,-0.00353444092073,0.000793473538069,0.000793473538069,0.00084843635149,0.993860849312
76,clean,erp,0.0987847900183,0.110968521089,0.0121837310702,0.0121837310702,0.0140573628095,0.99999862266
76,clean,vrp,-0.0038458006846,-0.00493394117239,-0.00108814048778,0.00108814048778,0.00129225845591,0.99999862266
76,low_iid,erp,0.0987847900183,0.108725887763,0.0099410977448,0.0182406740674,0.0248525982854,0.991633905621
76,low_iid,vrp,-0.0038458006846,-0.00336028758332,0.000485513101283,0.000556745796975,0.000623670577851,0.991633905621
76,spatial_corr,erp,0.0987847900183,0.111674911271,0.0128901212528,0.020217664242,0.0268174368945,0.992124645532
76,spatial_corr,vrp,-0.0038458006846,-0.00329313855668,0.000552662127923,0.000562836143646,0.000638909137775,0.992124645532
76,persistent_factor,erp,0.0987847900183,0.112544575141,0.013759785123,0.0162111025111,0.0224456772161,0.991077476651
76,persistent_factor,vrp,-0.0038458006846,-0.00351144035913,0.000334360325475,0.000376352730876,0.000460675197354,0.991077476651
77,clean,erp,0.13058329695,0.0555692224934,-0.0750140744561,0.0750140744561,0.0871719446089,0.999969587136
77,clean,vrp,-0.00521783706413,-0.00399803796696,0.00121979909718,0.00121979909718,0.00149338413129,0.999969587136
77,low_iid,erp,0.13058329695,0.0519234626941,-0.0786598342555,0.0786598342555,0.0878398524328,0.994890663979
77,low_iid,vrp,-0.00521783706413,-0.00377182581186,0.00144601125227,0.00144601125227,0.00152956822989,0.994890663979
77,spatial_corr,erp,0.13058329695,0.0527118714123,-0.0778714255373,0.0778714255373,0.0869034993955,0.994540800895
77,spatial_corr,vrp,-0.00521783706413,-0.00385195713759,0.00136587992654,0.00136587992654,0.00144118891039,0.994540800895
77,persistent_factor,erp,0.13058329695,0.0501964258324,-0.0803868711172,0.0803868711172,0.0900067064663,0.994459671125
77,persistent_factor,vrp,-0.00521783706413,-0.00385708402134,0.0013607530428,0.0013607530428,0.00143919120362,0.994459671125
78,clean,erp,0.11215091146,0.141062289745,0.0289113782846,0.0289113782846,0.0316314083344,0.999935515069
78,clean,vrp,-0.00442251973972,-0.0054760722351,-0.00105355249537,0.00105355249537,0.00120327791532,0.999935515069
78,low_iid,erp,0.11215091146,0.135689580222,0.0235386687618,0.030121596745,0.0382383338624,0.984982045484
78,low_iid,vrp,-0.00442251973972,-0.00504829517878,-0.000625775439055,0.00101997501565,0.0013636336489,0.984982045484
78,spatial_corr,erp,0.11215091146,0.140903287755,0.0287523762951,0.0343813447608,0.0420162223147,0.986000350574
78,spatial_corr,vrp,-0.00442251973972,-0.00515530809632,-0.000732788356598,0.00109933351269,0.00137624072261,0.986000350574
78,persistent_factor,erp,0.11215091146,0.135522754997,0.0233718435369,0.0297923020437,0.0378745394441,0.98448326225
78,persistent_factor,vrp,-0.00442251973972,-0.00504366871818,-0.000621148978454,0.00101062862348,0.00135613264299,0.98448326225
79,clean,erp,0.0996887031046,0.0912506932521,-0.0084380098525,0.00927085090271,0.0153950419765,0.999992599791
79,clean,vrp,-0.00388480256733,-0.0033296241523,0.000555178415031,0.000592210258967,0.00096851611194,0.999992599791
79,low_iid,erp,0.0996887031046,0.0913561532404,-0.00833254986411,0.0086783671623,0.0107058851225,0.995476602387
79,low_iid,vrp,-0.00388480256733,-0.00320358521688,0.000681217350446,0.000681217350446,0.000850618989895,0.995476602387
79,spatial_corr,erp,0.0996887031046,0.0878811857218,-0.0118075173828,0.0120547999229,0.0136694028733,0.995453824297
79,spatial_corr,vrp,-0.00388480256733,-0.00313946801211,0.000745334555216,0.000745334555216,0.000842701143616,0.995453824297
79,persistent_factor,erp,0.0996887031046,0.0910401501612,-0.0086485529434,0.0101663272112,0.0117586266733,0.995791945694
79,persistent_factor,vrp,-0.00388480256733,-0.00313999536529,0.000744807202038,0.000744807202038,0.000833583092315,0.995791945694
80,clean,erp,0.108963393024,0.167528012514,0.05856461949,0.05856461949,0.0656056961719,0.999999305041
80,clean,vrp,-0.00428498525533,-0.00434549704635,-6.05117910152e-05,6.37169922151e-05,6.95064663746e-05,0.999999305041
80,low_iid,erp,0.108963393024,0.163548576855,0.0545851838314,0.0557913097063,0.0721107003517,0.993002965444
80,low_iid,vrp,-0.00428498525533,-0.00353992979365,0.000745055461679,0.000745055461679,0.00080460786309,0.993002965444
80,spatial_corr,erp,0.108963393024,0.162122495603,0.0531591025792,0.0539831458654,0.0700595601501,0.99300989389
80,spatial_corr,vrp,-0.00428498525533,-0.00343500657186,0.000849978683471,0.000849978683471,0.000912514189811,0.99300989389
80,persistent_factor,erp,0.108963393024,0.154390828422,0.0454274353977,0.0492701493166,0.065016527424,0.99290532468
80,persistent_factor,vrp,-0.00428498525533,-0.0036782946792,0.000606690576138,0.000609426985134,0.000703602212502,0.99290532468
81,clean,erp,0.095663268618,0.132186212132,0.0365229435137,0.0365229435137,0.0388681056591,0.99859403697
81,clean,vrp,-0.00371111382871,-0.00534370795352,-0.00163259412481,0.00163259412481,0.00177644452482,0.99859403697
81,low_iid,erp,0.095663268618,0.129527893226,0.033864624608,0.0349243663932,0.0465141709387,0.989103834039
81,low_iid,vrp,-0.00371111382871,-0.00344576029923,0.000265353529473,0.00039775350336,0.000481953573721,0.989103834039
81,spatial_corr,erp,0.095663268618,0.127287394586,0.0316241259681,0.0328045832711,0.0453087699862,0.987890930083
81,spatial_corr,vrp,-0.00371111382871,-0.00380785875669,-9.67449279863e-05,0.000490808034956,0.000684008980471,0.987890930083
81,persistent_factor,erp,0.095663268618,0.134948593186,0.0392853245685,0.0401519736053,0.0514261497064,0.988649410005
81,persistent_factor,vrp,-0.00371111382871,-0.00289222630293,0.000818887525772,0.000818887525772,0.000881370592284,0.988649410005
82,clean,erp,0.121178997446,0.104463257369,-0.0167157400766,0.0167157400766,0.0204188624952,0.999996677738
82,clean,vrp,-0.0048120620046,-0.00347889314614,0.00133316885846,0.00133316885846,0.00164671782139,0.999996677738
82,low_iid,erp,0.121178997446,0.104923653165,-0.0162553442814,0.0162553442814,0.0183365649905,0.994701157466
82,low_iid,vrp,-0.0048120620046,-0.00333579073025,0.00147627127435,0.00147627127435,0.00159868776738,0.994701157466
82,spatial_corr,erp,0.121178997446,0.106649904911,-0.0145290925345,0.0145847386994,0.0170798206999,0.994611202282
82,spatial_corr,vrp,-0.0048120620046,-0.0033674678965,0.0014445941081,0.0014445941081,0.00156602921187,0.994611202282
82,persistent_factor,erp,0.121178997446,0.103013597026,-0.0181654004198,0.0181654004198,0.0197896716123,0.994651375545
82,persistent_factor,vrp,-0.0048120620046,-0.00330943311364,0.00150262889096,0.00150262889096,0.00163413965793,0.994651375545
83,clean,erp,0.0978134872671,0.141485107286,0.0436716200184,0.0436716200184,0.0493693136633,0.999997640468
83,clean,vrp,-0.00380389108447,-0.00410014829555,-0.000296257211072,0.000296257211072,0.00029973783455,0.999997640468
83,low_iid,erp,0.0978134872671,0.150149870991,0.052336383724,0.0527991820937,0.0701569621584,0.993416974793
83,low_iid,vrp,-0.00380389108447,-0.00256661215002,0.00123727893445,0.00123727893445,0.00141231975969,0.993416974793
83,spatial_corr,erp,0.0978134872671,0.147578489908,0.0497650026407,0.0501222086788,0.0668647884758,0.993690057639
83,spatial_corr,vrp,-0.00380389108447,-0.00292557703402,0.000878314050454,0.000878314050454,0.0009863005741,0.993690057639
83,persistent_factor,erp,0.0978134872671,0.14268028165,0.0448667943825,0.0454260012027,0.06207305208,0.994529523529
83,persistent_factor,vrp,-0.00380389108447,-0.0031530868601,0.000650804224371,0.000650804224371,0.000713725553617,0.994529523529
84,clean,erp,0.113355553722,0.0517076171022,-0.0616479366199,0.0616479366199,0.0688531641672,0.999988210248
84,clean,vrp,-0.00447449743198,-0.00493227178223,-0.000457774350249,0.000457774350249,0.000530214621317,0.999988210248
84,low_iid,erp,0.113355553722,0.0499256425289,-0.0634299111931,0.0634299111931,0.0690707213658,0.991883748794
84,low_iid,vrp,-0.00447449743198,-0.00385161318344,0.000622884248535,0.000623185658438,0.000698291430552,0.991883748794
84,spatial_corr,erp,0.113355553722,0.0519352280707,-0.0614203256514,0.0614203256514,0.0668436724087,0.991177776815
84,spatial_corr,vrp,-0.00447449743198,-0.00360676823226,0.000867729199722,0.000867729199722,0.00093251245378,0.991177776815
84,persistent_factor,erp,0.113355553722,0.0497100202366,-0.0636455334855,0.0636455334855,0.0690700280401,0.99118201923
84,persistent_factor,vrp,-0.00447449743198,-0.00396214211685,0.000512355315125,0.000540959304428,0.000640706170332,0.99118201923
85,clean,erp,0.115016159572,0.067966675431,-0.0470494841413,0.0470494841413,0.0549981755891,0.999997062308
85,clean,vrp,-0.00454614896088,-0.0042810675767,0.00026508138418,0.000282963948438,0.000397613075691,0.999997062308
85,low_iid,erp,0.115016159572,0.06927087796,-0.0457452816122,0.0457452816122,0.0489579882436,0.994081839242
85,low_iid,vrp,-0.00454614896088,-0.00387131974484,0.000674829216037,0.000675183584751,0.000764090376406,0.994081839242
85,spatial_corr,erp,0.115016159572,0.068807021981,-0.0462091375913,0.0462091375913,0.0497545204744,0.993872251969
85,spatial_corr,vrp,-0.00454614896088,-0.00369158565226,0.00085456330862,0.00085456330862,0.000910155368149,0.993872251969
85,persistent_factor,erp,0.115016159572,0.0699474433641,-0.0450687162081,0.0450687162081,0.0492497631312,0.994410490549
85,persistent_factor,vrp,-0.00454614896088,-0.00431976935469,0.000226379606191,0.000442966734072,0.000504088624245,0.994410490549
86,clean,erp,0.10034708084,0.148303271763,0.0479561909229,0.0479561909229,0.0534821813564,0.999992454533
86,clean,vrp,-0.00391321013397,-0.00467967157835,-0.000766461444386,0.000766461444386,0.000857755820541,0.999992454533
86,low_iid,erp,0.10034708084,0.152963819751,0.0526167389106,0.0527876648197,0.064382628879,0.992142828261
86,low_iid,vrp,-0.00391321013397,-0.0035914998889,0.000321710245066,0.000345658159562,0.000429724410159,0.992142828261
86,spatial_corr,erp,0.10034708084,0.150761114365,0.0504140335249,0.0507001533507,0.0632343820621,0.992548823246
86,spatial_corr,vrp,-0.00391321013397,-0.00383221408769,8.0996046279e-05,0.000310702613501,0.00037169113656,0.992548823246
86,persistent_factor,erp,0.10034708084,0.154773305702,0.054426224862,0.0546481653774,0.0666335967463,0.992006742612
86,persistent_factor,vrp,-0.00391321013397,-0.00356819834708,0.000345011786889,0.000364627174638,0.000448997984839,0.992006742612
87,clean,erp,0.111701235803,0.129855767124,0.0181545313207,0.0181545313207,0.0187266686097,0.999500638573
87,clean,vrp,-0.00440311721362,-0.00526043643016,-0.000857319216533,0.000857319216533,0.000905732242992,0.999500638573
87,low_iid,erp,0.111701235803,0.133227902355,0.0215266665514,0.0234625090938,0.0314227259751,0.98909889348
87,low_iid,vrp,-0.00440311721362,-0.00465261491163,-0.000249497698008,0.000463751099148,0.000755169088542,0.98909889348
87,spatial_corr,erp,0.111701235803,0.132970257142,0.0212690213393,0.0229072772559,0.0307921529847,0.987615446557
87,spatial_corr,vrp,-0.00440311721362,-0.00465010840655,-0.000246991192927,0.000458424883241,0.000738531776966,0.987615446557
87,persistent_factor,erp,0.111701235803,0.131212258813,0.0195110230097,0.0209848292694,0.0286226750873,0.987354489244
87,persistent_factor,vrp,-0.00440311721362,-0.00469953316089,-0.000296415947269,0.00047698082783,0.000762080941502,0.987354489244
88,clean,erp,0.105286042419,0.130802261685,0.0255162192662,0.0255162192662,0.0283574200424,0.999988763335
88,clean,vrp,-0.00412631557875,-0.0047812338134,-0.000654918234646,0.000654918234646,0.000749476005204,0.999988763335
88,low_iid,erp,0.105286042419,0.131514122795,0.0262280803763,0.0298574954128,0.0382736271811,0.990297995567
88,low_iid,vrp,-0.00412631557875,-0.00375222064442,0.00037409493433,0.000452706213086,0.000537550435949,0.990297995567
88,spatial_corr,erp,0.105286042419,0.120601669151,0.0153156267319,0.0230009383437,0.0300799267529,0.989406571726
88,spatial_corr,vrp,-0.00412631557875,-0.00417441639441,-4.81008156525e-05,0.0004895187613,0.000763924505848,0.989406571726
88,persistent_factor,erp,0.105286042419,0.126524991264,0.0212389488449,0.0273937858583,0.0352744374076,0.990967290305
88,persistent_factor,vrp,-0.00412631557875,-0.00381175012502,0.000314565453735,0.000493248055641,0.000581224326778,0.990967290305
89,clean,erp,0.100031610413,0.162029528341,0.0619979179279,0.0619979179279,0.0647149955797,0.99814206431
89,clean,vrp,-0.00389959827151,-0.00449090183777,-0.00059130356626,0.00059130356626,0.000603701410122,0.99814206431
89,low_iid,erp,0.100031610413,0.147749508452,0.0477178980396,0.0497036415936,0.061151524345,0.989395733868
89,low_iid,vrp,-0.00389959827151,-0.00343185103921,0.000467747232299,0.000474414179569,0.000568017680605,0.989395733868
89,spatial_corr,erp,0.100031610413,0.148666274736,0.0486346643229,0.0500902805367,0.0619303511957,0.989087664185
89,spatial_corr,vrp,-0.00389959827151,-0.00341650664779,0.000483091623721,0.000490857843741,0.000577672684272,0.989087664185
89,persistent_factor,erp,0.100031610413,0.148629013545,0.0485974031318,0.0506893710104,0.0617279782434,0.989303296209
89,persistent_factor,vrp,-0.00389959827151,-0.00348088264934,0.000418715622171,0.000434088471278,0.000532772031687,0.989303296209
90,clean,erp,0.103500032159,0.164494339862,0.0609943077038,0.0609943077038,0.0671120317719,0.999992978297
90,clean,vrp,-0.00404925312244,-0.0034464984404,0.000602754682041,0.000606001193172,0.000827686124704,0.999992978297
90,low_iid,erp,0.103500032159,0.156392950285,0.0528929181264,0.0558087575427,0.0749257714028,0.992244152325
90,low_iid,vrp,-0.00404925312244,-0.00286561988088,0.00118363324156,0.00118363324156,0.00126316867286,0.992244152325
90,spatial_corr,erp,0.103500032159,0.160591546622,0.0570915144634,0.0594270518035,0.0793204758434,0.9916075974
90,spatial_corr,vrp,-0.00404925312244,-0.00280141497785,0.0012478381446,0.0012478381446,0.00134334846085,0.9916075974
90,persistent_factor,erp,0.103500032159,0.157172382062,0.053672349903,0.0552932975865,0.0728952721645,0.992036176252
90,persistent_factor,vrp,-0.00404925312244,-0.00290017190463,0.00114908121781,0.00114908121781,0.00124955007671,0.992036176252
91,clean,erp,0.106723237559,0.137511988491,0.0307887509323,0.0307887509323,0.033665882508,0.999999604732
91,clean,vrp,-0.00418832742167,-0.00484930813398,-0.000660980712309,0.000660980712309,0.00073339211787,0.999999604732
91,low_iid,erp,0.106723237559,0.135514652035,0.0287914144758,0.03509311274,0.0444272151128,0.990230582005
91,low_iid,vrp,-0.00418832742167,-0.00393894196599,0.000249385455679,0.000534424489318,0.000629642958428,0.990230582005
91,spatial_corr,erp,0.106723237559,0.133887452496,0.0271642149369,0.0334240980811,0.0439670292529,0.988770487488
91,spatial_corr,vrp,-0.00418832742167,-0.00467036046409,-0.000482033042425,0.000870458255878,0.00124383236567,0.988770487488
91,persistent_factor,erp,0.106723237559,0.132238094054,0.0255148564954,0.0327989737007,0.042969160319,0.988769969958
91,persistent_factor,vrp,-0.00418832742167,-0.00433310679295,-0.000144779371282,0.000636290439191,0.000948684557468,0.988769969958
92,clean,erp,0.10770689301,0.0911180453586,-0.0165888476515,0.0165888476515,0.0188910706659,0.999996548123
92,clean,vrp,-0.00423077001392,-0.00459953991387,-0.00036876989995,0.00036876989995,0.000400778063696,0.999996548123
92,low_iid,erp,0.10770689301,0.0853810022757,-0.0223258907344,0.0223258907344,0.0241329826745,0.98787109742
92,low_iid,vrp,-0.00423077001392,-0.00442921408207,-0.000198444068155,0.000750255464541,0.00108895351078,0.98787109742
92,spatial_corr,erp,0.10770689301,0.086505695424,-0.021201197586,0.021201197586,0.0233232426155,0.986928448445
92,spatial_corr,vrp,-0.00423077001392,-0.00437641224811,-0.000145642234193,0.000734924687872,0.00101225671447,0.986928448445
92,persistent_factor,erp,0.10770689301,0.086549792516,-0.0211571004941,0.0211571004941,0.0231215257147,0.987076728631
92,persistent_factor,vrp,-0.00423077001392,-0.00477541109675,-0.00054464108283,0.00103013789692,0.00138372186861,0.987076728631
93,clean,erp,0.110121133759,0.066812147342,-0.0433089864175,0.0433089864175,0.0483185730756,0.999998944517
93,clean,vrp,-0.00433493924879,-0.00474806212487,-0.000413122876081,0.000413122876081,0.000438339895649,0.999998944517
93,low_iid,erp,0.110121133759,0.0636663263139,-0.0464548074456,0.0464548074456,0.0487172733875,0.989792384033
93,low_iid,vrp,-0.00433493924879,-0.00467930702208,-0.000344367773288,0.000735306548302,0.00106654434819,0.989792384033
93,spatial_corr,erp,0.110121133759,0.0611389361644,-0.048982197595,0.048982197595,0.0514501245902,0.989109889568
93,spatial_corr,vrp,-0.00433493924879,-0.00453702848075,-0.000202089231955,0.000629138116323,0.000969673946254,0.989109889568
93,persistent_factor,erp,0.110121133759,0.0605089004964,-0.049612233263,0.049612233263,0.052159299313,0.989399620336
93,persistent_factor,vrp,-0.00433493924879,-0.00457184884724,-0.000236909598449,0.000635155886816,0.00099997186767,0.989399620336
94,clean,erp,0.101619774355,0.0829250315898,-0.0186947427656,0.0186947427656,0.022698144139,0.999992187025
94,clean,vrp,-0.00396812408973,-0.00374797544496,0.000220148644775,0.000262705644285,0.000387079522219,0.999992187025
94,low_iid,erp,0.101619774355,0.0786698478226,-0.0229499265329,0.0229499265329,0.0240459083882,0.992090473598
94,low_iid,vrp,-0.00396812408973,-0.00308369311867,0.00088443097106,0.00088443097106,0.000941537918656,0.992090473598
94,spatial_corr,erp,0.101619774355,0.0829974566366,-0.0186223177188,0.0186223177188,0.019851366387,0.99183629297
94,spatial_corr,vrp,-0.00396812408973,-0.0029436939099,0.00102443017983,0.00102443017983,0.0010958495563,0.99183629297
94,persistent_factor,erp,0.101619774355,0.0783751768433,-0.0232445975121,0.0232445975121,0.0243351922546,0.992132298703
94,persistent_factor,vrp,-0.00396812408973,-0.00306140980885,0.000906714280879,0.000906714280879,0.000964645074534,0.992132298703
95,clean,erp,0.101045692187,0.13771814764,0.0366724554532,0.0366724554532,0.0376710131648,0.998726403223
95,clean,vrp,-0.00394335369338,-0.00457077323715,-0.000627419543772,0.000627419543772,0.000634785108963,0.998726403223
95,low_iid,erp,0.101045692187,0.135755109587,0.0347094174003,0.0368978030717,0.0451991577352,0.98797684162
95,low_iid,vrp,-0.00394335369338,-0.00344297892969,0.000500374763684,0.000507986660609,0.000592012259054,0.98797684162
95,spatial_corr,erp,0.101045692187,0.134159011495,0.0331133193078,0.0363920997658,0.0453372134585,0.987163742309
95,spatial_corr,vrp,-0.00394335369338,-0.00361572797681,0.000327625716569,0.000482656136507,0.000556459061905,0.987163742309
95,persistent_factor,erp,0.101045692187,0.136054800185,0.0350091079984,0.0373980003673,0.0461966388623,0.987442740493
95,persistent_factor,vrp,-0.00394335369338,-0.00348275623301,0.000460597460365,0.000502814780269,0.000580947215801,0.987442740493
96,clean,erp,0.105780557693,0.0918890590585,-0.0138914986349,0.0138914986349,0.0167283416324,0.999997087098
96,clean,vrp,-0.00414765283677,-0.00409875107357,4.89017632038e-05,0.00011168817366,0.000154317695601,0.999997087098
96,low_iid,erp,0.105780557693,0.0857527232172,-0.0200278344762,0.0200278344762,0.0215362402359,0.991714893414
96,low_iid,vrp,-0.00414765283677,-0.00388658863319,0.000261064203581,0.000537857526002,0.00065662235611,0.991714893414
96,spatial_corr,erp,0.105780557693,0.0844437635012,-0.0213367941921,0.0213367941921,0.0230399368696,0.990829386811
96,spatial_corr,vrp,-0.00414765283677,-0.00404048728189,0.000107165554878,0.000611811863721,0.000826299700474,0.990829386811
96,persistent_factor,erp,0.105780557693,0.0869767410966,-0.0188038165968,0.0188038165968,0.020488367979,0.992121372859
96,persistent_factor,vrp,-0.00414765283677,-0.00335891791563,0.000788734921137,0.000788734921137,0.000852008595931,0.992121372859
97,clean,erp,0.105230748848,0.111611939737,0.00638119088865,0.00638119088865,0.00659583113192,0.999999043507
97,clean,vrp,-0.0041239297815,-0.00491851570778,-0.000794585926285,0.000794585926285,0.000871970962433,0.999999043507
97,low_iid,erp,0.105230748848,0.10875256566,0.00352181681165,0.0137405268671,0.0188316107199,0.98798762916
97,low_iid,vrp,-0.0041239297815,-0.00382230852288,0.000301621258617,0.000497584920319,0.000623963113874,0.98798762916
97,spatial_corr,erp,0.105230748848,0.107417010676,0.00218626182774,0.0127087570351,0.0183795553707,0.987600184802
97,spatial_corr,vrp,-0.0041239297815,-0.003923318013,0.000200611768496,0.000483445934731,0.000656151910621,0.987600184802
97,persistent_factor,erp,0.105230748848,0.106444239798,0.00121349095001,0.011774060901,0.0170085614975,0.988856229886
97,persistent_factor,vrp,-0.0041239297815,-0.00395684102193,0.00016708875957,0.000446820458941,0.000625494280539,0.988856229886
98,clean,erp,0.108355248102,0.0882520066571,-0.0201032414449,0.0201032414449,0.0218012500735,0.999965268915
98,clean,vrp,-0.00425874512529,-0.00545702784679,-0.0011982827215,0.0011982827215,0.00140917322386,0.999965268915
98,low_iid,erp,0.108355248102,0.111595377193,0.00324012909138,0.0124983332501,0.0183820803503,0.988706711122
98,low_iid,vrp,-0.00425874512529,-0.0040469317055,0.000211813419794,0.000501468100068,0.000638067072531,0.988706711122
98,spatial_corr,erp,0.108355248102,0.088571347559,-0.019783900543,0.0197849711413,0.0216673655462,0.988819203283
98,spatial_corr,vrp,-0.00425874512529,-0.00395647161238,0.000302273512914,0.000569850218261,0.000692231594838,0.988819203283
98,persistent_factor,erp,0.108355248102,0.0903618627958,-0.0179933853062,0.0179933853062,0.0196295559122,0.989226076588
98,persistent_factor,vrp,-0.00425874512529,-0.00386996013287,0.000388784992418,0.000511277484126,0.000594303968912,0.989226076588
99,clean,erp,0.104580861092,0.129926962135,0.025346101043,0.025346101043,0.0276795555295,0.999996617628
99,clean,vrp,-0.00409588853898,-0.00404783648872,4.80520502544e-05,9.42735710363e-05,0.000121724379115,0.999996617628
99,low_iid,erp,0.104580861092,0.11891622064,0.0143353595487,0.0243912852794,0.0301567087632,0.990269583628
99,low_iid,vrp,-0.00409588853898,-0.00415633183534,-6.04432963663e-05,0.000596641700588,0.000803702067513,0.990269583628
99,spatial_corr,erp,0.104580861092,0.119882242429,0.0153013813374,0.0252076832626,0.0317518058882,0.990291424882
99,spatial_corr,vrp,-0.00409588853898,-0.00353829296188,0.000557595577094,0.000589828305189,0.000706684935488,0.990291424882
99,persistent_factor,erp,0.104580861092,0.120692288497,0.0161114274055,0.0257688237505,0.0322249342091,0.990830683461
99,persistent_factor,vrp,-0.00409588853898,-0.00373208691558,0.0003638016234,0.000538242331436,0.000638409408896,0.990830683461
