sample_id,scenario,mean_off_diagonal_cross_contract_correlation,representative_contract_moneyness,representative_contract_maturity_years,representative_contract_lag1_correlation
0,low_iid,-0.0022997563258,0,0.25,0.00932772372922
0,spatial_corr,0.218444094735,0,0.25,0.0313876646495
0,persistent_factor,0.104340778616,0,0.25,0.288807842666
1,low_iid,-0.00215129358848,0,0.25,-0.0644426722369
1,spatial_corr,0.201708916444,0,0.25,0.0547761795927
1,persistent_factor,0.108947252055,0,0.25,0.190789837747
2,low_iid,0.00594383864864,0,0.25,0.061371286631
2,spatial_corr,0.23151909054,0,0.25,0.0174150488301
2,persistent_factor,0.115193170202,0,0.25,0.140591798157
3,low_iid,0.00583174613681,0,0.25,-0.00443875893617
3,spatial_corr,0.199960359955,0,0.25,0.0848189962526
3,persistent_factor,0.0883637386425,0,0.25,0.146834087638
4,low_iid,0.00505878911597,0,0.25,0.0291448863549
4,spatial_corr,0.214271712848,0,0.25,0.0450918973978
4,persistent_factor,0.0886711555297,0,0.25,0.102909748465
5,low_iid,-0.00669053615717,0,0.25,0.0704735193079
5,spatial_corr,0.202000054994,0,0.25,-0.0435053182149
5,persistent_factor,0.0963774420183,0,0.25,0.105362222842
6,low_iid,0.00225227227088,0,0.25,0.028142492705
6,spatial_corr,0.183901568466,0,0.25,0.0136343902451
6,persistent_factor,0.128814862748,0,0.25,0.197727396612
7,low_iid,0.00462189577557,0,0.25,0.0639381260936
7,spatial_corr,0.197366834637,0,0.25,0.0169048691378
7,persistent_factor,0.082419711305,0,0.25,0.134198301655
8,low_iid,0.00340113110051,0,0.25,0.0299116992239
8,spatial_corr,0.185849227403,0,0.25,-0.0193355803677
8,persistent_factor,0.0957757933981,0,0.25,0.104553605671
9,low_iid,0.00444771287831,0,0.25,0.0187563542739
9,spatial_corr,0.204030278443,0,0.25,0.0965605812883
9,persistent_factor,0.086018247944,0,0.25,0.15638295103
10,low_iid,0.00608632835951,0,0.25,0.0227917170494
10,spatial_corr,0.201496439255,0,0.25,-0.102463597271
10,persistent_factor,0.108888743326,0,0.25,0.116729515497
11,low_iid,0.00191253567313,0,0.25,-0.0320885721118
11,spatial_corr,0.199473219503,0,0.25,0.0124266288383
11,persistent_factor,0.116273828068,0,0.25,0.214096550816
12,low_iid,0.00661351342906,0,0.25,0.00432312841765
12,spatial_corr,0.191072279045,0,0.25,0.0207069368486
12,persistent_factor,0.0928447745048,0,0.25,0.16946932019
13,low_iid,0.00971509763079,0,0.25,-0.0570531904517
13,spatial_corr,0.229688498358,0,0.25,0.0383445972344
13,persistent_factor,0.0856763704358,0,0.25,0.145130914901
14,low_iid,0.00213666346253,0,0.25,0.015843908218
14,spatial_corr,0.19462801661,0,0.25,0.0208744790422
14,persistent_factor,0.103024994572,0,0.25,0.212337887945
15,low_iid,0.0125567370435,0,0.25,0.0292208475595
15,spatial_corr,0.215652488278,0,0.25,0.0593719479064
15,persistent_factor,0.107584342907,0,0.25,0.264481413644
16,low_iid,0.00984755846348,0,0.25,0.0574535101128
16,spatial_corr,0.187985855011,0,0.25,-0.0273258756062
16,persistent_factor,0.111928731117,0,0.25,0.221875346856
17,low_iid,0.0115012874583,0,0.25,0.0257182641323
17,spatial_corr,0.188069474201,0,0.25,-0.0389221219908
17,persistent_factor,0.113475449328,0,0.25,0.23332902651
18,low_iid,0.0114713748107,0,0.25,-0.00614806044525
18,spatial_corr,0.187228391371,0,0.25,0.0693224894697
18,persistent_factor,0.096166680434,0,0.25,0.0501693750568
19,low_iid,0.0130696949651,0,0.25,0.0526139795171
19,spatial_corr,0.193608473133,0,0.25,-0.0128060970357
19,persistent_factor,0.143140607912,0,0.25,0.195294876173
20,low_iid,-0.00184634608254,0,0.25,0.000645376056931
20,spatial_corr,0.198114044912,0,0.25,-0.0431639207263
20,persistent_factor,0.0917538517236,0,0.25,0.171170270169
21,low_iid,-0.00187742549123,0,0.25,-0.00233661279181
21,spatial_corr,0.208864544784,0,0.25,0.0125675480767
21,persistent_factor,0.118102756588,0,0.25,0.137271178724
22,low_iid,-0.00626910649449,0,0.25,-0.0156655492382
22,spatial_corr,0.208953934832,0,0.25,-0.0983580515493
22,persistent_factor,0.111414431916,0,0.25,0.122975855789
23,low_iid,0.00709929722049,0,0.25,0.0103972851257
23,spatial_corr,0.209843613248,0,0.25,-0.0411334304939
23,persistent_factor,0.129845775743,0,0.25,0.201623846486
24,low_iid,0.00371896770149,0,0.25,0.0457431910002
24,spatial_corr,0.210440970755,0,0.25,-0.0433904330926
24,persistent_factor,0.107574281766,0,0.25,0.146756263307
25,low_iid,0.00695564472923,0,0.25,-0.0364928798833
25,spatial_corr,0.196202366864,0,0.25,-0.0293218696451
25,persistent_factor,0.0851320035614,0,0.25,0.128768788475
26,low_iid,-0.000608073670242,0,0.25,0.00555952118169
26,spatial_corr,0.200976663257,0,0.25,0.0882553299032
26,persistent_factor,0.104351506551,0,0.25,0.220833977363
27,low_iid,0.00491631656073,0,0.25,0.00408231318495
27,spatial_corr,0.192836124474,0,0.25,0.0048642554713
27,persistent_factor,0.0936912648916,0,0.25,0.130427678911
28,low_iid,0.00488562428421,0,0.25,-0.0208169516414
28,spatial_corr,0.206164587468,0,0.25,-0.0398412088993
28,persistent_factor,0.122863762859,0,0.25,0.145778566729
29,low_iid,-0.0038517043366,0,0.25,0.0336766642499
29,spatial_corr,0.170166025927,0,0.25,0.0642049297823
29,persistent_factor,0.120931858157,0,0.25,0.121763679811
30,low_iid,0.00739650664117,0,0.25,0.00317933364075
30,spatial_corr,0.211391641568,0,0.25,-0.0852753862278
30,persistent_factor,0.116321978367,0,0.25,0.168902006447
31,low_iid,-0.00111422586039,0,0.25,0.0334167357405
31,spatial_corr,0.203053542109,0,0.25,0.0471622057659
31,persistent_factor,0.120022332233,0,0.25,0.11131560143
32,low_iid,0.00694992434444,0,0.25,0.0327493121102
32,spatial_corr,0.203919952599,0,0.25,-0.0575153573879
32,persistent_factor,0.115329973123,0,0.25,0.158201504216
33,low_iid,0.00515861861974,0,0.25,-0.044035875894
33,spatial_corr,0.20914978755,0,0.25,-0.0483712807084
33,persistent_factor,0.084743167337,0,0.25,0.11963535412
34,low_iid,0.00128662965135,0,0.25,0.0253543525653
34,spatial_corr,0.242965770095,0,0.25,0.0591048563025
34,persistent_factor,0.110338229002,0,0.25,0.182931282704
35,low_iid,0.00893194841394,0,0.25,0.00336595390029
35,spatial_corr,0.206066284937,0,0.25,0.0534793322198
35,persistent_factor,0.107027846982,0,0.25,0.162567482761
36,low_iid,-8.83806507264e-05,0,0.25,0.0433933258852
36,spatial_corr,0.192640245869,0,0.25,0.00534110863952
36,persistent_factor,0.0950655984588,0,0.25,0.0376423143072
37,low_iid,0.000256235682159,0,0.25,-0.0248376436767
37,spatial_corr,0.213118654886,0,0.25,-0.0820791156109
37,persistent_factor,0.0798459470541,0,0.25,0.139890145762
38,low_iid,0.00519194596671,0,0.25,-0.0796561213019
38,spatial_corr,0.222662199592,0,0.25,0.0315050228524
38,persistent_factor,0.0991366857475,0,0.25,0.167139921497
39,low_iid,0.00694448588885,0,0.25,0.02125761002
39,spatial_corr,0.204168070542,0,0.25,0.122389899232
39,persistent_factor,0.102534997419,0,0.25,0.141020448119
40,low_iid,0.00112876079755,0,0.25,0.0519845030235
40,spatial_corr,0.204299192452,0,0.25,-0.0539833431155
40,persistent_factor,0.122300865649,0,0.25,0.190629553386
41,low_iid,0.00164378513978,0,0.25,0.0447743563028
41,spatial_corr,0.187577975397,0,0.25,0.00986285703714
41,persistent_factor,0.0907832999867,0,0.25,0.162376889227
42,low_iid,0.00800762073726,0,0.25,-0.0752277090546
42,spatial_corr,0.223009213736,0,0.25,0.00259414555174
42,persistent_factor,0.112186338041,0,0.25,0.121335331256
43,low_iid,-0.00327012771109,0,0.25,0.0366470852446
43,spatial_corr,0.215804510976,0,0.25,0.0824004723651
43,persistent_factor,0.109349508918,0,0.25,0.181807852024
44,low_iid,0.00423716786286,0,0.25,0.000431585846033
44,spatial_corr,0.204022496233,0,0.25,-0.0148263226397
44,persistent_factor,0.114763861887,0,0.25,0.182270595498
45,low_iid,0.0125810504073,0,0.25,-0.028303088323
45,spatial_corr,0.187956778006,0,0.25,-0.0866506832814
45,persistent_factor,0.0923004633092,0,0.25,0.165395676122
46,low_iid,0.00378008613027,0,0.25,0.0113505823165
46,spatial_corr,0.225983035372,0,0.25,-0.0513260442484
46,persistent_factor,0.110749412143,0,0.25,0.242403694105
47,low_iid,0.00586830291329,0,0.25,0.0353482420111
47,spatial_corr,0.190640407352,0,0.25,0.0241967118608
47,persistent_factor,0.120629500637,0,0.25,0.0825049530378
48,low_iid,0.00488739475853,0,0.25,-0.0472496954603
48,spatial_corr,0.21592803342,0,0.25,0.0376674754813
48,persistent_factor,0.084297891996,0,0.25,0.105988154594
49,low_iid,0.00979891119427,0,0.25,-0.102478339993
49,spatial_corr,0.177387703853,0,0.25,-0.0530576167309
49,persistent_factor,0.0859238172768,0,0.25,0.212590760427
50,low_iid,0.0134443581981,0,0.25,0.0535881309722
50,spatial_corr,0.185122258265,0,0.25,-0.0725367959502
50,persistent_factor,0.0902847049064,0,0.25,0.169740669628
51,low_iid,0.0108613391685,0,0.25,0.022967888119
51,spatial_corr,0.191270947388,0,0.25,-0.0251330363013
51,persistent_factor,0.137798450229,0,0.25,0.144135385145
52,low_iid,0.00100258232837,0,0.25,-0.0215016734828
52,spatial_corr,0.185614185726,0,0.25,-0.0264914520966
52,persistent_factor,0.108720013801,0,0.25,0.157722271372
53,low_iid,-0.00829275031077,0,0.25,0.0399845389526
53,spatial_corr,0.19205683932,0,0.25,-0.00745052398378
53,persistent_factor,0.10288228508,0,0.25,0.197459750683
54,low_iid,0.00189352120038,0,0.25,0.0314544462373
54,spatial_corr,0.196451410011,0,0.25,-0.0819058694854
54,persistent_factor,0.093260368582,0,0.25,0.110021745882
55,low_iid,0.000843991081422,0,0.25,-0.0537294943092
55,spatial_corr,0.201286646418,0,0.25,0.0576304002001
55,persistent_factor,0.0977531570362,0,0.25,0.103015306298
56,low_iid,0.00836950320867,0,0.25,0.0803878876541
56,spatial_corr,0.206056025238,0,0.25,0.000497159559838
56,persistent_factor,0.107261015968,0,0.25,0.225083886414
57,low_iid,0.00164873072137,0,0.25,0.0137775404225
57,spatial_corr,0.230042932585,0,0.25,-0.000976494901389
57,persistent_factor,0.106777847952,0,0.25,0.156089191336
58,low_iid,-0.00200635492621,0,0.25,-0.046176464774
58,spatial_corr,0.223253864609,0,0.25,0.00402469746616
58,persistent_factor,0.0719080799156,0,0.25,0.223986900077
59,low_iid,6.65655883625e-05,0,0.25,0.0138878683038
59,spatial_corr,0.188468115103,0,0.25,0.0374188175759
59,persistent_factor,0.126300523402,0,0.25,0.214692783147
60,low_iid,0.0121331530402,0,0.25,0.0105264764876
60,spatial_corr,0.213028065563,0,0.25,0.0401675040288
60,persistent_factor,0.0866185454081,0,0.25,0.134235961491
61,low_iid,0.0020670307707,0,0.25,0.0335822526988
61,spatial_corr,0.189998906382,0,0.25,0.0565394288777
61,persistent_factor,0.115589495381,0,0.25,0.0720808650082
62,low_iid,0.00104017161304,0,0.25,0.0645870978195
62,spatial_corr,0.216730519805,0,0.25,0.00710899146761
62,persistent_factor,0.11415246091,0,0.25,0.173021162305
63,low_iid,0.00402419909971,0,0.25,0.0331711047801
63,spatial_corr,0.198288290718,0,0.25,0.0179990405079
63,persistent_factor,0.0790940337513,0,0.25,0.135951544763
64,low_iid,-0.00126805574881,0,0.25,0.00648553989615
64,spatial_corr,0.210295334335,0,0.25,0.0196740808434
64,persistent_factor,0.0943259238866,0,0.25,0.135147766964
65,low_iid,0.0181347996217,0,0.25,-0.0348910487273
65,spatial_corr,0.189568492572,0,0.25,0.0355802326126
65,persistent_factor,0.0890351220561,0,0.25,0.121258458091
66,low_iid,-0.000591532398008,0,0.25,0.0282256764655
66,spatial_corr,0.201813287833,0,0.25,-0.0265221742356
66,persistent_factor,0.0927500285927,0,0.25,0.155586530152
67,low_iid,0.00147333814482,0,0.25,-0.0313218129369
67,spatial_corr,0.187677259051,0,0.25,0.0092053481511
67,persistent_factor,0.130292509313,0,0.25,0.194726407949
68,low_iid,-0.00346319944009,0,0.25,-0.0575705753907
68,spatial_corr,0.184373795826,0,0.25,0.0166985027429
68,persistent_factor,0.09117824974,0,0.25,-0.00743058321544
69,low_iid,0.0118055453207,0,0.25,0.00667857452903
69,spatial_corr,0.193500796787,0,0.25,-0.0418544658352
69,persistent_factor,0.102795849212,0,0.25,0.211568117897
70,low_iid,0.0019978537499,0,0.25,-0.0383933901405
70,spatial_corr,0.20910973357,0,0.25,-0.0520871702824
70,persistent_factor,0.0947571826116,0,0.25,0.101336513403
71,low_iid,0.00570008343282,0,0.25,0.0494817038782
71,spatial_corr,0.206980077255,0,0.25,0.0520058765585
71,persistent_factor,0.0651299024668,0,0.25,0.07771846695
72,low_iid,0.00296546038809,0,0.25,0.0321375591353
72,spatial_corr,0.219496251011,0,0.25,-0.0518218009791
72,persistent_factor,0.0847007541811,0,0.25,0.187634102633
73,low_iid,0.00094992003173,0,0.25,-0.0170982993059
73,spatial_corr,0.198557940484,0,0.25,0.0135887859298
73,persistent_factor,0.0952986743875,0,0.25,0.192761334034
74,low_iid,0.00167716194423,0,0.25,0.00971092312453
74,spatial_corr,0.228378253909,0,0.25,-0.0382841867552
74,persistent_factor,0.0698018972141,0,0.25,0.109983990639
75,low_iid,0.00858233742472,0,0.25,0.00785351783212
75,spatial_corr,0.189240622048,0,0.25,-0.0407528359582
75,persistent_factor,0.0786340576761,0,0.25,0.0731911610064
76,low_iid,0.0010475261939,0,0.25,-0.0782601707091
76,spatial_corr,0.200069170614,0,0.25,0.0110273852746
76,persistent_factor,0.0735570512447,0,0.25,0.152068642742
77,low_iid,0.00346091244312,0,0.25,-0.0666702778247
77,spatial_corr,0.219923824466,0,0.25,-0.00792197143415
77,persistent_factor,0.0955475025487,0,0.25,0.0303379194661
78,low_iid,0.00766879403817,0,0.25,0.043823705486
78,spatial_corr,0.195823088417,0,0.25,0.0373299350027
78,persistent_factor,0.0903413891305,0,0.25,0.0631478713745
79,low_iid,0.00387113141224,0,0.25,0.0195605582117
79,spatial_corr,0.205097351238,0,0.25,0.000897842563469
79,persistent_factor,0.136535262898,0,0.25,0.189398919091
80,low_iid,0.000437858012485,0,0.25,-0.00469311750716
80,spatial_corr,0.20011207511,0,0.25,-0.0882637570108
80,persistent_factor,0.115769680142,0,0.25,0.116232735117
81,low_iid,-0.00468868956096,0,0.25,0.00864682580074
81,spatial_corr,0.188083220523,0,0.25,-0.104934507102
81,persistent_factor,0.103415596644,0,0.25,0.122047497259
82,low_iid,0.00372902265138,0,0.25,0.00905710003759
82,spatial_corr,0.200253064166,0,0.25,-0.00393324777551
82,persistent_factor,0.0909118002106,0,0.25,0.164614562002
83,low_iid,0.00133479403057,0,0.25,-0.0210476023748
83,spatial_corr,0.206643494081,0,0.25,-0.00286960666304
83,persistent_factor,0.07732673919,0,0.25,0.106074355801
84,low_iid,-0.00183193154669,0,0.25,0.00750775323487
84,spatial_corr,0.19575576051,0,0.25,-0.0461923052799
84,persistent_factor,0.115264617065,0,0.25,0.219169424793
85,low_iid,0.00837595470765,0,0.25,0.0993354813577
85,spatial_corr,0.180837767308,0,0.25,-0.00765393948002
85,persistent_factor,0.095376804551,0,0.25,0.153274342079
86,low_iid,-0.00656141833363,0,0.25,-0.0171351280566
86,spatial_corr,0.207077831398,0,0.25,-0.0206851128878
86,persistent_factor,0.0858381824879,0,0.25,0.0670880349995
87,low_iid,-0.00266014464804,0,0.25,0.0611950847875
87,spatial_corr,0.194627479743,0,0.25,-0.0329293693969
87,persistent_factor,0.0813283740231,0,0.25,0.191782303769
88,low_iid,0.00366065506031,0,0.25,0.0428004196621
88,spatial_corr,0.20131305262,0,0.25,-0.0596360766439
88,persistent_factor,0.0893899959787,0,0.25,0.153735825973
89,low_iid,0.00138261594797,0,0.25,0.0535321574566
89,spatial_corr,0.231911510174,0,0.25,-0.059572867773
89,persistent_factor,0.0930675967894,0,0.25,0.103292123692
90,low_iid,0.000276136709155,0,0.25,0.0215246704686
90,spatial_corr,0.215647928876,0,0.25,0.0116627077312
90,persistent_factor,0.117011898805,0,0.25,0.198580759478
91,low_iid,0.00207718380413,0,0.25,-0.0592579445281
91,spatial_corr,0.212301608901,0,0.25,-0.0485835116274
91,persistent_factor,0.143675303043,0,0.25,0.236041869124
92,low_iid,0.0140376147062,0,0.25,0.000902294685222
92,spatial_corr,0.204469165057,0,0.25,-0.00336770547354
92,persistent_factor,0.099010977841,0,0.25,0.210687871817
93,low_iid,0.00539875095922,0,0.25,0.0589035386843
93,spatial_corr,0.208406570733,0,0.25,-0.0534585413
93,persistent_factor,0.118010922169,0,0.25,0.226678108743
94,low_iid,0.000650606728841,0,0.25,0.0422786040205
94,spatial_corr,0.180701620595,0,0.25,0.0458444574008
94,persistent_factor,0.0833963421969,0,0.25,0.178812963587
95,low_iid,0.000851414449375,0,0.25,-0.0077922526927
95,spatial_corr,0.222721641081,0,0.25,0.0103124969355
95,persistent_factor,0.0784271464932,0,0.25,0.0431956258244
96,low_iid,0.00603708833441,0,0.25,-0.034727296706
96,spatial_corr,0.196576971703,0,0.25,-0.060414949241
96,persistent_factor,0.103137788516,0,0.25,0.132340309554
97,low_iid,0.0070985578676,0,0.25,0.0095882295053
97,spatial_corr,0.203807807305,0,0.25,-0.0480346741201
97,persistent_factor,0.112296631907,0,0.25,0.140075603544
98,low_iid,0.00115946219409,0,0.25,-0.0241779985824
98,spatial_corr,0.22401213872,0,0.25,-0.0025893648629
98,persistent_factor,0.103802014394,0,0.25,0.184157108107
99,low_iid,0.00657352296591,0,0.25,-0.00787680009713
99,spatial_corr,0.204106876581,0,0.25,-0.0588003480961
99,persistent_factor,0.0923951319653,0,0.25,0.165340774215
