scenario,statistic,parameter,value,n,mcse
clean,true_value,eta,5,100,
clean,mean,eta,5.14166487241,100,
clean,median,eta,4.96435892318,100,
clean,bias,eta,0.141664872406,100,0.172529169734
clean,empirical_sd,eta,1.72529169734,100,
clean,rmse,eta,1.72247904561,100,0.0864941339772
clean,q10,eta,2.9369730689,100,
clean,q90,eta,7.44433216294,100,
clean,true_value,kappa,7,100,
clean,mean,kappa,7.02406334604,100,
clean,median,kappa,7.03236711655,100,
clean,bias,kappa,0.0240633460365,100,0.124197282733
clean,empirical_sd,kappa,1.24197282733,100,
clean,rmse,kappa,1.23598162746,100,0.0616206063565
clean,q10,kappa,5.33022521859,100,
clean,q90,kappa,8.97778626177,100,
clean,true_value,vbar,0.0225,100,
clean,mean,vbar,0.0218011342803,100,
clean,median,vbar,0.0214722907369,100,
clean,bias,vbar,-0.00069886571975,100,0.000249783397453
clean,empirical_sd,vbar,0.00249783397453,100,
clean,rmse,vbar,0.00258170411026,100,0.000155341095244
clean,q10,vbar,0.0192132478401,100,
clean,q90,vbar,0.0253522130519,100,
clean,true_value,sigma_v,0.4,100,
clean,mean,sigma_v,0.336600594706,100,
clean,median,sigma_v,0.352046985758,100,
clean,bias,sigma_v,-0.0633994052939,100,0.00600533736
clean,empirical_sd,sigma_v,0.0600533736,100,
clean,rmse,sigma_v,0.087119620038,100,0.00667420129287
clean,q10,sigma_v,0.232229114676,100,
clean,q90,sigma_v,0.398302698784,100,
clean,true_value,rho,-0.5,100,
clean,mean,rho,-0.536273191434,100,
clean,median,rho,-0.55007891585,100,
clean,bias,rho,-0.0362731914342,100,0.0136520283291
clean,empirical_sd,rho,0.136520283291,100,
clean,rmse,rho,0.1405957122,100,0.00788653707312
clean,q10,rho,-0.740988865267,100,
clean,q90,rho,-0.353196540473,100,
clean,true_value,kappa_q,2,100,
clean,mean,kappa_q,1.58218099829,100,
clean,median,kappa_q,1.50033206718,100,
clean,bias,kappa_q,-0.417819001714,100,0.0138631492389
clean,empirical_sd,kappa_q,0.138631492389,100,
clean,rmse,kappa_q,0.439999115872,100,0.00935416460649
clean,q10,kappa_q,1.50000337824,100,
clean,q90,kappa_q,1.79604616952,100,
low_iid,true_value,eta,5,100,
low_iid,mean,eta,5.53363967892,100,
low_iid,median,eta,5.31948064074,100,
low_iid,bias,eta,0.533639678917,100,0.177604403443
low_iid,empirical_sd,eta,1.77604403443,100,
low_iid,rmse,eta,1.845957853,100,0.0937128418847
low_iid,q10,eta,3.3409403025,100,
low_iid,q90,eta,7.99991516299,100,
low_iid,true_value,kappa,7,100,
low_iid,mean,kappa,6.70286823288,100,
low_iid,median,kappa,6.5970442283,100,
low_iid,bias,kappa,-0.297131767122,100,0.112121476639
low_iid,empirical_sd,kappa,1.12121476639,100,
low_iid,rmse,kappa,1.1544862987,100,0.0630133513981
low_iid,q10,kappa,5.23514498125,100,
low_iid,q90,kappa,8.14993365921,100,
low_iid,true_value,vbar,0.0225,100,
low_iid,mean,vbar,0.0200813908102,100,
low_iid,median,vbar,0.0197531345679,100,
low_iid,bias,vbar,-0.00241860918983,100,0.00017619004622
low_iid,empirical_sd,vbar,0.0017619004622,100,
low_iid,rmse,vbar,0.0029871258292,100,0.000113859798487
low_iid,q10,vbar,0.0181642530067,100,
low_iid,q90,vbar,0.0226580795755,100,
low_iid,true_value,sigma_v,0.4,100,
low_iid,mean,sigma_v,0.383641665738,100,
low_iid,median,sigma_v,0.415695917213,100,
low_iid,bias,sigma_v,-0.0163583342622,100,0.0102947703004
low_iid,empirical_sd,sigma_v,0.102947703004,100,
low_iid,rmse,sigma_v,0.103729659973,100,0.00529278394608
low_iid,q10,sigma_v,0.230150733376,100,
low_iid,q90,sigma_v,0.502438924292,100,
low_iid,true_value,rho,-0.5,100,
low_iid,mean,rho,-0.530878272482,100,
low_iid,median,rho,-0.523589792981,100,
low_iid,bias,rho,-0.0308782724816,100,0.0138508305697
low_iid,empirical_sd,rho,0.138508305697,100,
low_iid,rmse,rho,0.141230920662,100,0.0100954822317
low_iid,q10,rho,-0.757087199717,100,
low_iid,q90,rho,-0.359181768783,100,
low_iid,true_value,kappa_q,2,100,
low_iid,mean,kappa_q,1.57623301412,100,
low_iid,median,kappa_q,1.50648960508,100,
low_iid,bias,kappa_q,-0.423766985876,100,0.0148437887248
low_iid,empirical_sd,kappa_q,0.148437887248,100,
low_iid,rmse,kappa_q,0.448767118476,100,0.00779461989929
low_iid,q10,kappa_q,1.50001373142,100,
low_iid,q90,kappa_q,1.68244666247,100,
spatial_corr,true_value,eta,5,100,
spatial_corr,mean,eta,5.51275197612,100,
spatial_corr,median,eta,5.29389803853,100,
spatial_corr,bias,eta,0.512751976116,100,0.176810845977
spatial_corr,empirical_sd,eta,1.76810845977,100,
spatial_corr,rmse,eta,1.83244646287,100,0.0952805255781
spatial_corr,q10,eta,3.35103514768,100,
spatial_corr,q90,eta,7.99991516299,100,
spatial_corr,true_value,kappa,7,100,
spatial_corr,mean,kappa,6.710522819,100,
spatial_corr,median,kappa,6.36668401012,100,
spatial_corr,bias,kappa,-0.289477180997,100,0.115398895367
spatial_corr,empirical_sd,kappa,1.15398895367,100,
spatial_corr,rmse,kappa,1.18413286352,100,0.0582574634381
spatial_corr,q10,kappa,5.38901287035,100,
spatial_corr,q90,kappa,8.42641260482,100,
spatial_corr,true_value,vbar,0.0225,100,
spatial_corr,mean,vbar,0.0200462876128,100,
spatial_corr,median,vbar,0.019702874774,100,
spatial_corr,bias,vbar,-0.00245371238721,100,0.000183533867589
spatial_corr,empirical_sd,vbar,0.00183533867589,100,
spatial_corr,rmse,vbar,0.0030586741987,100,0.000129835797932
spatial_corr,q10,vbar,0.0180395168322,100,
spatial_corr,q90,vbar,0.0227554300222,100,
spatial_corr,true_value,sigma_v,0.4,100,
spatial_corr,mean,sigma_v,0.386673493114,100,
spatial_corr,median,sigma_v,0.41426972394,100,
spatial_corr,bias,sigma_v,-0.0133265068865,100,0.0108500403558
spatial_corr,empirical_sd,sigma_v,0.108500403558,100,
spatial_corr,rmse,sigma_v,0.108775962337,100,0.00490548386981
spatial_corr,q10,sigma_v,0.235061028982,100,
spatial_corr,q90,sigma_v,0.528173434411,100,
spatial_corr,true_value,rho,-0.5,100,
spatial_corr,mean,rho,-0.510313421488,100,
spatial_corr,median,rho,-0.505050605659,100,
spatial_corr,bias,rho,-0.0103134214881,100,0.0140878193387
spatial_corr,empirical_sd,rho,0.140878193387,100,
spatial_corr,rmse,rho,0.140550935184,100,0.00982789633784
spatial_corr,q10,rho,-0.726321673756,100,
spatial_corr,q90,rho,-0.315380880495,100,
spatial_corr,true_value,kappa_q,2,100,
spatial_corr,mean,kappa_q,1.58390772276,100,
spatial_corr,median,kappa_q,1.50585840492,100,
spatial_corr,bias,kappa_q,-0.416092277238,100,0.0151229561345
spatial_corr,empirical_sd,kappa_q,0.151229561345,100,
spatial_corr,rmse,kappa_q,0.442464077185,100,0.00898595563433
spatial_corr,q10,kappa_q,1.50003686425,100,
spatial_corr,q90,kappa_q,1.81340550379,100,
persistent_factor,true_value,eta,5,100,
persistent_factor,mean,eta,5.49525613191,100,
persistent_factor,median,eta,5.3234686782,100,
persistent_factor,bias,eta,0.495256131912,100,0.177277606719
persistent_factor,empirical_sd,eta,1.77277606719,100,
persistent_factor,rmse,eta,1.83209887036,100,0.0953139653232
persistent_factor,q10,eta,3.40288919125,100,
persistent_factor,q90,eta,7.99991516299,100,
persistent_factor,true_value,kappa,7,100,
persistent_factor,mean,kappa,6.70891190523,100,
persistent_factor,median,kappa,6.58057225052,100,
persistent_factor,bias,kappa,-0.291088094769,100,0.111449026388
persistent_factor,empirical_sd,kappa,1.11449026388,100,
persistent_factor,rmse,kappa,1.14647282642,100,0.0658226574379
persistent_factor,q10,kappa,5.34802875207,100,
persistent_factor,q90,kappa,8.3861721307,100,
persistent_factor,true_value,vbar,0.0225,100,
persistent_factor,mean,vbar,0.0200314544952,100,
persistent_factor,median,vbar,0.0197376666401,100,
persistent_factor,bias,vbar,-0.00246854550477,100,0.000192644696901
persistent_factor,empirical_sd,vbar,0.00192644696901,100,
persistent_factor,rmse,vbar,0.00312534843726,100,0.000150483863713
persistent_factor,q10,vbar,0.0179225932889,100,
persistent_factor,q90,vbar,0.0226102782675,100,
persistent_factor,true_value,sigma_v,0.4,100,
persistent_factor,mean,sigma_v,0.385617002496,100,
persistent_factor,median,sigma_v,0.417215901859,100,
persistent_factor,bias,sigma_v,-0.0143829975036,100,0.0102556478832
persistent_factor,empirical_sd,sigma_v,0.102556478832,100,
persistent_factor,rmse,sigma_v,0.103051073037,100,0.00513445276655
persistent_factor,q10,sigma_v,0.239305628986,100,
persistent_factor,q90,sigma_v,0.497199042971,100,
persistent_factor,true_value,rho,-0.5,100,
persistent_factor,mean,rho,-0.526943669806,100,
persistent_factor,median,rho,-0.526733202674,100,
persistent_factor,bias,rho,-0.0269436698056,100,0.0137089391887
persistent_factor,empirical_sd,rho,0.137089391887,100,
persistent_factor,rmse,rho,0.139037864256,100,0.00878660213686
persistent_factor,q10,rho,-0.733273507322,100,
persistent_factor,q90,rho,-0.336001563271,100,
persistent_factor,true_value,kappa_q,2,100,
persistent_factor,mean,kappa_q,1.57612566404,100,
persistent_factor,median,kappa_q,1.52292748779,100,
persistent_factor,bias,kappa_q,-0.423874335957,100,0.012879403159
persistent_factor,empirical_sd,kappa_q,0.12879403159,100,
persistent_factor,rmse,kappa_q,0.442822172244,100,0.00777455525153
persistent_factor,q10,kappa_q,1.50002206082,100,
persistent_factor,q90,kappa_q,1.68173305257,100,
