sample_id,scenario,eta,kappa,vbar,sigma_v,rho,kappa_q
0,clean,7.99991516299,6.66109671636,0.0218270011586,0.328675806585,-0.655922181408,1.50004445525
0,low_iid,7.99991516299,5.9355580224,0.0209185426247,0.420845561902,-0.592321251616,1.50294154714
0,spatial_corr,7.99991516299,5.92718729625,0.0208495008832,0.433776607205,-0.563979820973,1.50083836601
0,persistent_factor,7.99991516299,6.0282719526,0.0204528144784,0.424242136915,-0.597550918467,1.5008312627
1,clean,4.11999493235,8.99933689323,0.01925983525,0.396192177577,-0.549604274056,1.59772189413
1,low_iid,4.2799192571,7.54042651727,0.018029030175,0.390219349722,-0.200122956196,1.62632975885
1,spatial_corr,4.57209838218,8.99933689323,0.0169111682978,0.524108541901,-0.340810836679,1.89243443936
1,persistent_factor,4.27585990701,7.35019849584,0.0178775273016,0.400933283496,-0.288064944247,1.50001950309
2,clean,7.4035857851,8.99933689323,0.0181626197932,0.4156697196,-0.249504461284,1.53218559633
2,low_iid,7.9196831084,7.74781997176,0.0192877901813,0.519201054602,-0.646398284218,1.50509739455
2,spatial_corr,7.13888503622,8.97790167619,0.0191883686185,0.560069759003,-0.790327070042,1.73247322725
2,persistent_factor,7.29290271332,7.74111500747,0.0193536703389,0.538098279885,-0.629082497014,1.54932361502
3,clean,7.44261528902,6.47700806392,0.0210066324506,0.200002292127,-0.702637617249,1.81236325148
3,low_iid,7.99994983762,6.51650405861,0.0192983435074,0.371100339333,-0.793708942816,1.51536041642
3,spatial_corr,7.99991516299,5.80006053215,0.01897717055,0.25866944743,-0.458709274833,1.55964089908
3,persistent_factor,7.99991516299,8.99994661246,0.0144136567369,0.438075878054,-0.392667043771,1.56648578272
4,clean,6.54126029973,4.76485757877,0.0234370721959,0.291326199144,-0.360272646492,1.50010319476
4,low_iid,6.63074022096,4.48040902596,0.0225807500943,0.251447214213,-0.729556575168,1.50000423253
4,spatial_corr,6.5448786558,4.56832222484,0.0229160704002,0.261623964708,-0.79044066054,1.50020315695
4,persistent_factor,6.57667431999,4.49004319232,0.0226032632917,0.269118027508,-0.76129564111,1.50015463655
5,clean,2.50890674768,5.9761124527,0.0252680937554,0.38002158098,-0.559278471405,1.50000270299
5,low_iid,2.58936231589,6.44827759067,0.0224088291206,0.477165783585,-0.585434409054,1.5000392761
5,spatial_corr,2.59001461645,6.43558808187,0.0234120179073,0.467007116317,-0.744808797934,1.50000866924
5,persistent_factor,2.70798594733,6.58428179981,0.0220155661239,0.487333146121,-0.526235907737,1.50000340063
6,clean,4.62585106244,8.11690103769,0.019999873443,0.200008400707,-0.741468553292,1.84891710521
6,low_iid,5.31302263367,7.06430238935,0.0184452209078,0.435766121812,-0.551582181436,1.6090003689
6,spatial_corr,5.11882105865,6.94966687416,0.0187404889489,0.414605386582,-0.568422738321,1.59219163312
6,persistent_factor,5.38568691776,7.05266815143,0.0185744461193,0.407090360395,-0.5667924954,1.64044117523
7,clean,2.28053628695,6.75965028701,0.0224026573596,0.374259437987,-0.505277562866,1.50000216992
7,low_iid,2.51693741766,6.29634637911,0.0205150538104,0.434233150533,-0.453044876543,1.50000722038
7,spatial_corr,2.42927069067,6.08004104355,0.0208101380261,0.415599658185,-0.388805231984,1.50510628729
7,persistent_factor,2.3499495422,6.25004087272,0.0204403271124,0.463232592453,-0.312494591994,1.50277926428
8,clean,7.07774135789,6.88509958997,0.0220664200574,0.367166145367,-0.397671415313,1.67284305504
8,low_iid,7.9359369393,7.68054415482,0.0192080209622,0.489552263564,-0.218566195288,1.99616602904
8,spatial_corr,7.95831463702,7.29609532288,0.0193714375764,0.482651516862,-0.231978086401,1.84598721798
8,persistent_factor,7.99991516338,7.62262295862,0.0191058481238,0.472303072985,-0.291890872689,1.78253587072
9,clean,4.55023551149,6.0312121065,0.024445581278,0.362669968298,-0.511541184597,1.63059333261
9,low_iid,4.9482678139,6.80517775293,0.0205284606875,0.48161171419,-0.450647124434,1.50000368693
9,spatial_corr,4.90400503251,6.8499115465,0.0210729038128,0.477735848406,-0.554786562485,1.50001130583
9,persistent_factor,5.04680554802,7.01269073401,0.0203372809487,0.494385197381,-0.391194985407,1.65265324403
10,clean,3.1821810982,8.17234813692,0.0194660908052,0.405964221271,-0.444602068699,1.83159871449
10,low_iid,3.48834193553,6.56777876558,0.0188511144141,0.278838096062,-0.483967200918,1.5000083736
10,spatial_corr,3.33443533347,6.20083709357,0.0194482758605,0.31133611422,-0.472464192411,1.50004484085
10,persistent_factor,3.4522127931,6.27519805455,0.0189871223334,0.360620497919,-0.303577602147,1.5001182531
11,clean,4.02058382274,8.99999938536,0.0192218976291,0.375678007228,-0.408384052589,1.55489543459
11,low_iid,4.5645914146,8.99994566458,0.0174390592753,0.508579815579,-0.416033896696,1.50017173517
11,spatial_corr,4.23772849243,7.05087597039,0.0193654696391,0.383896425805,-0.214823503072,1.50013602953
11,persistent_factor,4.61926382121,8.99991275005,0.0178692591852,0.607313373451,-0.411701689986,1.73218926888
12,clean,7.41616253888,8.99997577931,0.0212161749382,0.390914541108,-0.647400804515,1.836932007
12,low_iid,7.99991516317,7.95345375156,0.0198380296671,0.457802071617,-0.487195847294,1.50018739365
12,spatial_corr,7.99999413276,8.1630339187,0.019514380291,0.462875523966,-0.492012515935,1.50006380271
12,persistent_factor,7.99991516299,8.21237680137,0.0199197644336,0.474493326569,-0.556711504147,1.57076853633
13,clean,3.08464416191,4.98899185299,0.0279236690499,0.34867814481,-0.494847514169,1.50001829509
13,low_iid,3.61896992339,6.17231531905,0.0239425624345,0.459355264335,-0.583992959878,1.50006714501
13,spatial_corr,3.5913772686,6.02966584922,0.0240030689426,0.453684209637,-0.555988003728,1.500004454
13,persistent_factor,3.53982313438,6.04668407418,0.0243550741697,0.436435387915,-0.63996401007,1.50057566868
14,clean,5.20196830753,7.31769042231,0.0196009251255,0.269142846904,-0.639541059444,1.50001924326
14,low_iid,5.29252728655,5.9890593259,0.0197107853142,0.230774974506,-0.793005257441,1.60148906487
14,spatial_corr,5.23617925067,6.05495567691,0.0197079452712,0.246680420039,-0.782777424405,1.58157351099
14,persistent_factor,5.55013326592,5.87420380421,0.0193348722317,0.254712925224,-0.478193259385,1.63870140181
15,clean,3.31704218303,4.94407678148,0.0239598436989,0.269513261689,-0.350886783943,1.5001326541
15,low_iid,3.52366571179,4.7755870795,0.0219067527461,0.263630110436,-0.468682175246,1.50015463654
15,spatial_corr,3.56969949245,4.77326095083,0.0219572389686,0.235216150055,-0.468480977689,1.50014934724
15,persistent_factor,3.53312311322,4.60661735983,0.0223985529336,0.251228930779,-0.481687604395,1.51677987839
16,clean,5.3855182601,5.33239442692,0.0234035049213,0.332240898572,-0.274396234413,1.5001508691
16,low_iid,5.5489548535,4.9037495353,0.0228945836781,0.377974648441,-0.463551484866,1.50011726514
16,spatial_corr,5.61631166328,4.96286289469,0.0226248463546,0.384028339511,-0.42859099214,1.50012490582
16,persistent_factor,5.59690343641,4.94708404881,0.0226734130495,0.396385753733,-0.420136668459,1.50019514144
17,clean,3.99081923512,4.53261993483,0.0272307791828,0.341018642111,-0.629869512224,1.5515522063
17,low_iid,4.70475778567,5.0664568571,0.0226346186535,0.438473758522,-0.399535939383,1.57438794742
17,spatial_corr,4.69324165848,5.2458227283,0.0220411025112,0.41794576976,-0.472315912138,1.50012406122
17,persistent_factor,4.55526027171,5.07371731728,0.0224867602446,0.422074684882,-0.441051369979,1.50018385962
18,clean,2.23993866655,6.78085964628,0.024303717819,0.398216104322,-0.558600715754,1.79510679306
18,low_iid,2.50254944865,7.5600501133,0.0204879530446,0.513230415368,-0.552404554213,1.50601018215
18,spatial_corr,2.61731750614,8.16439145301,0.0195947126084,0.52620292168,-0.519924218994,1.50010818833
18,persistent_factor,2.48777427834,7.62440447093,0.020897484736,0.505718979373,-0.642555651903,1.50000759616
19,clean,5.36198045898,6.1309172053,0.0234753188977,0.355427334773,-0.60209073459,1.50001664922
19,low_iid,5.61584159367,5.94780036301,0.0209705603034,0.402088011491,-0.504539908722,1.50007333726
19,spatial_corr,5.5648421673,6.00919329689,0.0209778372029,0.38168560665,-0.500378253259,1.50181946452
19,persistent_factor,5.62226915157,6.36650868354,0.0210107746259,0.408853707504,-0.62131159528,1.66695436942
20,clean,6.27542639204,8.21072047487,0.020833368308,0.348572202692,-0.715423022301,1.50041015677
20,low_iid,7.32766761533,8.99995610659,0.0173386578458,0.501424120619,-0.430720060926,1.66525847322
20,spatial_corr,7.12498933308,8.99994992948,0.0178118359325,0.544624316297,-0.540363994498,1.63289321545
20,persistent_factor,6.93103966536,7.84752327999,0.0188044321895,0.509104772851,-0.541237708746,1.5000005079
21,clean,6.67978657171,7.41001899837,0.0208376904628,0.2968679166,-0.709142580645,1.5000173829
21,low_iid,7.15534061304,6.63276419208,0.0198811983073,0.273355631284,-0.78007522994,1.50813330296
21,spatial_corr,7.31317451013,6.00986628459,0.0198798124899,0.278684104348,-0.53085296593,1.51843547577
21,persistent_factor,7.37478588419,6.07825528344,0.0201610431106,0.257097569576,-0.495405861277,1.58647369988
22,clean,7.98644382975,8.99933689322,0.0191353997392,0.288081379323,-0.748074999611,1.58722528764
22,low_iid,7.99991516415,7.20074808853,0.0193383465949,0.231020994392,-0.754893045061,1.65573039433
22,spatial_corr,7.84987581814,6.83127618532,0.0197339259366,0.22780222343,-0.724764003733,1.5495932957
22,persistent_factor,7.74344753655,6.43280232,0.0202616827363,0.223140517319,-0.760010363259,1.50018263263
23,clean,5.58720480097,8.59772963259,0.022347690973,0.452143738932,-0.418800455676,1.95762412426
23,low_iid,6.60420572381,8.99997762441,0.0196515095486,0.515477298238,-0.523886041179,1.51811197105
23,spatial_corr,6.6415067527,8.99999554285,0.0195515139674,0.533973146966,-0.505735409398,1.50011107558
23,persistent_factor,6.57724241507,8.99995174931,0.0194954455942,0.534773397997,-0.514095924312,1.53520025989
24,clean,4.27604162917,7.13784796829,0.0213999046261,0.348352519964,-0.445395336613,2.07331529162
24,low_iid,5.08649968248,7.40089088175,0.0171330753559,0.422233203011,-0.201608175525,1.62203800758
24,spatial_corr,4.76849527694,6.81651805032,0.0178186555015,0.387786517776,-0.360818760439,1.53873934792
24,persistent_factor,4.69282433347,6.61767680113,0.0190243320131,0.313529025861,-0.671060337618,1.5018484379
25,clean,7.61790428267,8.17393289983,0.0217796797991,0.357688468608,-0.565227923599,1.50999808543
25,low_iid,7.99991516299,8.06741759451,0.0205425378479,0.473267460364,-0.567374118485,1.5379680697
25,spatial_corr,7.99991516299,8.14988162239,0.0202823546476,0.476328263771,-0.570382576724,1.53614374251
25,persistent_factor,7.99991516299,7.95741908799,0.020590911235,0.468895759488,-0.557480750739,1.53909756508
26,clean,3.80348534928,5.8274479528,0.0222204985954,0.293383687322,-0.550553557644,1.50010932703
26,low_iid,3.97661499812,5.94314078204,0.0192299399955,0.341242056415,-0.360262002753,1.50469534858
26,spatial_corr,3.9308833693,5.58237198772,0.0201429276407,0.319328559655,-0.572068488495,1.50019407801
26,persistent_factor,4.01505971105,5.56930330623,0.0202394112546,0.314094983504,-0.577915032123,1.52005283139
27,clean,6.02793078089,5.70182795315,0.02533572121,0.387608724842,-0.283321227992,2.12760611774
27,low_iid,7.20658096098,6.3302818336,0.0213264191809,0.462951837003,-0.324579003941,1.67352807455
27,spatial_corr,7.23554916417,6.31451426199,0.0212509042479,0.468761801661,-0.269973027443,1.68036589484
27,persistent_factor,7.14016411216,6.24331386924,0.0217318456539,0.468033519258,-0.336708494079,1.77413933075
28,clean,3.84594580246,7.64202817527,0.0211555416565,0.351763514604,-0.652214738316,1.50018086014
28,low_iid,4.32251141266,7.58341741775,0.0187116478812,0.471883545747,-0.410704827308,1.5001101288
28,spatial_corr,4.23404835826,7.7181249142,0.0193752688814,0.559276077645,-0.580239545727,1.55102189606
28,persistent_factor,4.17290785518,6.83929610273,0.0201160631361,0.457627340459,-0.516213856737,1.59083340623
29,clean,4.38160516517,5.11319351856,0.0271918319293,0.331087158207,-0.660518903137,1.50005442498
29,low_iid,4.60078734277,5.73349873865,0.024128401983,0.431384944276,-0.68087876614,1.50011907218
29,spatial_corr,4.52564074084,5.75352626212,0.0241081237936,0.414756383665,-0.685550950709,1.50011809678
29,persistent_factor,4.55131846011,5.97711414822,0.0238006789041,0.444620029425,-0.698541856842,1.50012087356
30,clean,7.72032243935,5.83344008528,0.0211608091969,0.200003291265,-0.774807506573,1.53396333951
30,low_iid,7.99991516299,5.96198754469,0.0192856942749,0.326800936452,-0.792534448109,1.50026464562
30,spatial_corr,7.99991516299,5.57461797497,0.0195120760214,0.268330879638,-0.652580571598,1.61955654488
30,persistent_factor,7.99991516299,5.07207955934,0.0197698901585,0.236687280002,-0.748911097038,1.57817942155
31,clean,5.13025295183,7.51799398181,0.0203780801625,0.373025472719,-0.489007574867,1.50000219615
31,low_iid,5.45958453801,8.06097755997,0.0186428553637,0.46140398942,-0.699609636664,1.50003715027
31,spatial_corr,5.38872821987,6.87482500725,0.01935327563,0.435434131719,-0.514317468102,1.50001469592
31,persistent_factor,5.42646350243,6.88031021911,0.0196860987161,0.461395404627,-0.519366118607,1.57923320518
32,clean,3.91424206572,8.99998892687,0.0198392235748,0.387360180611,-0.618259271576,1.50010385511
32,low_iid,4.40454318445,8.99992076045,0.018175112576,0.57851351806,-0.477892500559,1.84122197439
32,spatial_corr,4.36839954395,8.9999037067,0.0188633057644,0.544992382815,-0.520239163253,2.17749667659
32,persistent_factor,4.43116335082,8.9930444577,0.0179411354547,0.539088276948,-0.548496918055,1.51219908939
33,clean,5.91570237569,6.97494823618,0.0224497474869,0.353629197955,-0.600704809945,1.50003923626
33,low_iid,6.52209318568,8.09194697096,0.019551790127,0.526192451798,-0.576245059594,1.67962320926
33,spatial_corr,6.45312282,7.54921648342,0.0196087140141,0.479843793308,-0.546357989335,1.52475541726
33,persistent_factor,6.48443015988,7.15886560872,0.0194128111331,0.47541286744,-0.330979421281,1.50000001569
34,clean,3.23569065804,5.85471056486,0.0227459807326,0.29054740963,-0.421614589503,1.50019022652
34,low_iid,3.34591801945,5.27676997558,0.0219560258483,0.202162498813,-0.778240174224,1.51017750277
34,spatial_corr,3.37531533409,5.22870463992,0.0212647605079,0.220644521324,-0.451995773882,1.50093385646
34,persistent_factor,3.43136949844,5.35688854316,0.0211015377061,0.221508550933,-0.466187609368,1.5001327421
35,clean,7.29823318953,6.66792149986,0.0218534157136,0.255518050735,-0.660552460227,1.50005319371
35,low_iid,7.67538842517,6.07613217143,0.0206945453921,0.276516135985,-0.523299637242,1.52194581993
35,spatial_corr,7.91150495471,6.09638630539,0.0209176122118,0.305371228311,-0.567096886833,1.50615870524
35,persistent_factor,7.75055405053,5.96785992629,0.0208879772278,0.307625655278,-0.566941673738,1.56232184526
36,clean,4.9337539784,8.27674941503,0.0201086539478,0.362993098261,-0.578193547073,1.50180910416
36,low_iid,5.25987761741,6.21514090691,0.0204920668186,0.242908870936,-0.486099035771,1.52512708667
36,spatial_corr,5.5263311472,6.7755697623,0.0196644048364,0.252203130666,-0.498385653689,1.54609848251
36,persistent_factor,5.27731153179,6.52266367579,0.0202484515382,0.248243361324,-0.567122145441,1.53861105351
37,clean,4.28278716947,7.32696827193,0.0214929078093,0.385736577784,-0.383015215159,1.50000418867
37,low_iid,4.53458963134,7.20421724336,0.0201753911461,0.455667363635,-0.52387994872,1.50000045413
37,spatial_corr,4.59674089477,8.14402724938,0.0193129797929,0.483946819757,-0.607806489484,1.50016387177
37,persistent_factor,4.4486325578,7.56850867983,0.0198272320681,0.454509924177,-0.522111384477,1.50011726297
38,clean,2.30536029001,5.76269452627,0.0265419733661,0.371659146299,-0.538936770912,1.59938733287
38,low_iid,2.86304818873,6.15578727341,0.0228846316813,0.469201371607,-0.304127608501,1.50000655571
38,spatial_corr,2.96495999703,6.23322382242,0.0227375810913,0.480408161932,-0.200148114922,1.57033678091
38,persistent_factor,2.7843461733,6.04687899119,0.0230054931619,0.455427698737,-0.298797381543,1.50000715967
39,clean,5.06956187415,6.96766285466,0.021162296263,0.254464386428,-0.634615290636,1.50000001479
39,low_iid,5.4904458379,6.05827982118,0.0201245711413,0.222126422978,-0.483675742894,1.56131038087
39,spatial_corr,5.50303453029,6.05858952258,0.019673759021,0.225363391558,-0.505537027417,1.51791853515
39,persistent_factor,5.80867323623,7.0595146162,0.018108283935,0.231849905364,-0.43414355475,1.61460886585
40,clean,4.90018707148,6.3243479388,0.0276476246961,0.399082048938,-0.505770785616,1.9921184246
40,low_iid,4.97067712742,6.3770208669,0.025389608395,0.450179918843,-0.578009676488,1.59569005574
40,spatial_corr,5.20451632987,6.31588095735,0.0257922116851,0.454938552271,-0.480098481352,1.81016694915
40,persistent_factor,5.01124302226,6.10473249996,0.0267877416532,0.448257536174,-0.547154952673,1.98367254542
41,clean,4.99496386795,8.8404030299,0.0197393334441,0.399828281975,-0.685799669341,1.62448539501
41,low_iid,6.85409100682,7.92774544285,0.0182011708325,0.476952457839,-0.490794714548,1.50015805527
41,spatial_corr,5.5378678343,8.5938370644,0.0176800462746,0.492659043243,-0.486274042427,1.54650488307
41,persistent_factor,5.09759391179,8.48181070011,0.0189134947129,0.497062340782,-0.723534185107,1.72481935752
42,clean,2.00008483701,5.31070234359,0.0282414347497,0.359502302983,-0.621576865802,1.55158248634
42,low_iid,2.00002701086,5.85464855889,0.024026919516,0.49966409276,-0.346725869812,1.70785774144
42,spatial_corr,2.00008483701,6.35388960847,0.0229955280071,0.463561819849,-0.363384090926,1.66942288078
42,persistent_factor,2.00008483701,6.01208582426,0.0234707436706,0.487359186593,-0.423052718684,1.50012223714
43,clean,4.99880654677,6.48977714349,0.0225390482495,0.351176470988,-0.443136235413,1.50011846011
43,low_iid,5.32574755202,6.85326300236,0.0202992513244,0.398411333403,-0.633587100089,1.50012114165
43,spatial_corr,5.37172589219,6.72097254464,0.0201016447911,0.414092476057,-0.513723857587,1.50011522015
43,persistent_factor,5.26667971662,6.79703256534,0.0203804339928,0.450728289866,-0.551050387119,1.57196989955
44,clean,4.17512886495,5.72526088305,0.0255006396295,0.334769831842,-0.459178431735,1.50002214634
44,low_iid,4.73026951634,6.47821129814,0.0224206332526,0.407925501094,-0.461760799035,1.50000004352
44,spatial_corr,4.74561034008,6.37947841177,0.0223744200294,0.414446971823,-0.399540270699,1.50014118305
44,persistent_factor,4.69683963413,6.18930022335,0.0225558416035,0.418928055845,-0.339516009857,1.50013239088
45,clean,7.43809693425,8.26349943592,0.0208766756509,0.381784475033,-0.619814679929,1.51994046549
45,low_iid,7.84950112754,8.00848771177,0.0195617905023,0.492422293029,-0.547900116636,1.57917876929
45,spatial_corr,7.22850057051,8.42008457762,0.0207717450713,0.558542225405,-0.785686917639,1.86800423352
45,persistent_factor,7.97960102226,8.01823016123,0.0195537940496,0.492508933191,-0.482846334812,1.79761927051
46,clean,5.78623984931,8.04866356944,0.0201399191633,0.429526405065,-0.353287191883,1.76704646698
46,low_iid,6.71219004846,8.36482175942,0.0176884276726,0.513452892075,-0.376691345473,1.50018593775
46,spatial_corr,6.54952099367,8.41855721265,0.0181628176278,0.53187118415,-0.276937540783,2.01603977422
46,persistent_factor,6.38201031542,8.37554562299,0.0187228974099,0.537506924194,-0.267987244628,2.31495213438
47,clean,4.18611658546,8.9999681357,0.0197516717697,0.395007218783,-0.586916165295,1.50734902011
47,low_iid,4.16371714637,8.69085750148,0.0193334742168,0.502066153359,-0.63780448741,1.57949455527
47,spatial_corr,4.0918738921,8.83152420952,0.0202213039955,0.529232719906,-0.674868487295,2.14323551963
47,persistent_factor,4.14405773342,8.53180655221,0.0195656467271,0.498429362671,-0.636119839137,1.60816444143
48,clean,7.50223895775,7.70158394262,0.0177165438642,0.33340044047,-0.335478810633,1.50235071738
48,low_iid,7.99991516347,6.01518800109,0.0176721809147,0.200870260011,-0.460772157461,1.52413787577
48,spatial_corr,7.99991516467,5.90338368573,0.0184084656147,0.233664939328,-0.649331081351,1.5054999659
48,persistent_factor,7.95185342557,5.38271805972,0.0187787130825,0.202178825214,-0.540745658808,1.61978803704
49,clean,5.67183376343,5.78840581792,0.0221618053945,0.200057648402,-0.774510120157,1.50025397759
49,low_iid,6.24345804575,5.14021265962,0.0199695781236,0.221150560658,-0.799969440146,1.50879674667
49,spatial_corr,6.12876476374,5.24938320692,0.0197820894058,0.240288511517,-0.494900826748,1.50015541142
49,persistent_factor,6.18661146416,5.37703683735,0.0201009085667,0.209500384252,-0.7991112465,1.50015114358
50,clean,5.39341617817,7.98870470837,0.0201116509072,0.39189395133,-0.574332583446,1.50000999593
50,low_iid,5.45297310713,8.6181728549,0.019354359496,0.520907575156,-0.715832344898,1.93834210955
50,spatial_corr,5.86112007247,8.27641143485,0.0180402318237,0.465320341782,-0.547691194002,1.50015283912
50,persistent_factor,5.94798725797,8.99951717454,0.0177508413007,0.488274246489,-0.596723814105,1.55912955976
51,clean,5.23651862622,6.04658681123,0.0250480040885,0.357703078484,-0.58070991491,1.63336533551
51,low_iid,5.69617268158,6.97579483403,0.0213542724943,0.446807364624,-0.55683396965,1.50019840346
51,spatial_corr,5.8172858714,7.13565420522,0.0211272635718,0.450298897836,-0.545610041969,1.50019691572
51,persistent_factor,5.73667500998,6.62165835996,0.021545016761,0.451167869102,-0.494683569149,1.50002206343
52,clean,3.36076210688,5.34400425669,0.0219449228769,0.297215202371,-0.246248482396,1.50002021833
52,low_iid,3.48267578233,4.90222526664,0.020502160596,0.257344611513,-0.693055397307,1.53223393691
52,spatial_corr,3.78766991899,4.91773455422,0.0203801310069,0.219025488055,-0.487758779311,1.55993092784
52,persistent_factor,3.67878840384,4.889294121,0.0204199966387,0.257394131271,-0.676993410169,1.50012835256
53,clean,5.24597650632,7.1531228972,0.0200540553003,0.220676028529,-0.751877009159,1.69724968264
53,low_iid,6.04248082011,5.66306603407,0.0194746791346,0.251433065693,-0.500761730439,1.56941076747
53,spatial_corr,5.96740346513,6.01222340894,0.0189955117343,0.263226722067,-0.497151926314,1.69099767266
53,persistent_factor,5.76352816589,7.04047124385,0.0170337478897,0.320603816473,-0.528027744127,1.50737229532
54,clean,4.44047674523,6.55549188522,0.021963688776,0.316596214407,-0.470165882891,1.50000279238
54,low_iid,4.85581296114,6.95327826924,0.0191947273735,0.334565697448,-0.453283144941,1.50011404258
54,spatial_corr,4.65191756723,6.84715477463,0.0195251062376,0.265631126643,-0.740340703968,1.50054949267
54,persistent_factor,4.74894208253,6.44404277065,0.0198379747913,0.288901194561,-0.419974379083,1.50000017543
55,clean,2.9016995294,5.97706941573,0.0248482476785,0.384600184539,-0.477801249926,1.50000784376
55,low_iid,3.29614084991,6.2146319582,0.021601822168,0.446020141797,-0.296830462712,1.52713563845
55,spatial_corr,3.35287957148,6.25399518381,0.0215155810865,0.46644750824,-0.264429685217,1.50010882922
55,persistent_factor,3.28475567836,6.15761077913,0.0217214499669,0.437018878243,-0.354601636177,1.50017165736
56,clean,2.00008483701,5.03638604021,0.0228866873947,0.317454866539,-0.394944319676,1.52025544303
56,low_iid,2.00008483701,5.02532288194,0.020523847237,0.370618557898,-0.479860901588,1.50046278066
56,spatial_corr,2.00008483701,5.01268026406,0.0203213431466,0.347643105961,-0.464362739701,1.50506356333
56,persistent_factor,2.00008483701,4.79409294859,0.0209343165246,0.376265882072,-0.479221722307,1.5401843015
57,clean,4.41949376017,8.99933689323,0.0215418628898,0.422938116167,-0.505172630769,1.77398155287
57,low_iid,4.82395464582,8.99999258085,0.0200536651277,0.528064902015,-0.604856302164,1.65119183107
57,spatial_corr,4.71870769759,8.99994347849,0.0206194694584,0.542251499066,-0.678074904406,1.62696073477
57,persistent_factor,4.67658172823,8.99999521331,0.0206511538404,0.541925520179,-0.696882253239,1.54527688647
58,clean,7.27330583678,6.37196494895,0.0211028322521,0.200614392303,-0.682725862304,1.84786680724
58,low_iid,7.99998199314,5.23875324472,0.0194987199522,0.24210020558,-0.491033887489,1.50058114256
58,spatial_corr,7.99991516299,5.22893669743,0.0195003043803,0.25146831735,-0.494001393552,1.50019776261
58,persistent_factor,7.99968813819,5.26829063229,0.019484921624,0.239483032051,-0.460186137863,1.50048396453
59,clean,4.25276900192,7.97594863578,0.0187850057594,0.283840561738,-0.780397441704,1.50004842467
59,low_iid,4.5420021524,5.31172295305,0.0192062052441,0.20984781036,-0.435415420535,1.61680317509
59,spatial_corr,4.6678772421,5.42395551296,0.018869969036,0.225717087342,-0.44288634525,1.84255249555
59,persistent_factor,5.09589215457,7.25664159767,0.01603489543,0.246109075424,-0.480943479721,1.67185272142
60,clean,7.99991516299,6.21945417548,0.0219649675682,0.299906763526,-0.586300394617,1.77902223774
60,low_iid,7.99991516299,5.43938923845,0.0204060409375,0.338113100592,-0.561417939713,1.50331178592
60,spatial_corr,7.99991516299,5.94589089771,0.0199533187204,0.408552216207,-0.600255446612,1.62354541334
60,persistent_factor,7.99991516299,5.83289985102,0.0203540763035,0.368804621368,-0.612665404902,1.60857087129
61,clean,6.94760419136,8.99997763709,0.0174213328858,0.416808642336,-0.351818531987,1.51656681422
61,low_iid,6.53925028269,6.32782063768,0.0192129730962,0.313891564567,-0.531107737395,1.6708804351
61,spatial_corr,6.69300533786,6.04804860562,0.0188965148079,0.249154002876,-0.472416840469,1.50016799918
61,persistent_factor,6.51718543462,6.86608227424,0.0186412436638,0.253075883413,-0.772995599665,1.50277436601
62,clean,7.1954711461,8.69804833891,0.0188125259259,0.395265877544,-0.361880223975,1.80450055763
62,low_iid,7.42870527237,6.91890106514,0.0190864108914,0.444158458432,-0.428726203254,1.6273966427
62,spatial_corr,7.53930405748,7.10796588657,0.0181778297284,0.457618732197,-0.378200040939,1.50002620049
62,persistent_factor,7.52068842792,7.03665290392,0.0188717434571,0.415503747873,-0.431508892612,1.61869095874
63,clean,3.57091176054,7.31137274633,0.0204500339266,0.364866872622,-0.328598990879,1.50000510111
63,low_iid,3.98576393484,7.57204537804,0.0189237720787,0.476750293629,-0.486076360358,1.50002098796
63,spatial_corr,4.08810105033,7.88332770982,0.018283236049,0.486629563244,-0.495997571467,1.51757727841
63,persistent_factor,3.93720800299,7.76127570407,0.0185983003836,0.474889469498,-0.517473720613,1.510616814
64,clean,4.54319007274,5.65212363055,0.0243460479836,0.330223491865,-0.582939222553,1.50000443174
64,low_iid,4.64945919553,5.59837738217,0.0216531032658,0.355696994958,-0.505338505825,1.50016540857
64,spatial_corr,4.68538638458,5.59999626661,0.0217388600603,0.354493251762,-0.486335280534,1.50918130851
64,persistent_factor,4.66147067926,5.65961172577,0.0216397480559,0.360360652942,-0.503516659513,1.50007905185
65,clean,3.90361793133,7.19253241342,0.0223123083543,0.297849506348,-0.740935566598,1.50006558731
65,low_iid,4.10778207993,7.89770441151,0.0200022612534,0.427186804367,-0.776834591617,1.50011730798
65,spatial_corr,4.06062153549,7.81430335506,0.019931402088,0.444642074245,-0.767016190584,1.50010414108
65,persistent_factor,3.97373362942,7.49011450752,0.0202552163984,0.470253328361,-0.692099148469,1.62823457786
66,clean,4.82668621337,6.4478035547,0.0221857606571,0.378131694906,-0.478076590648,1.50001111134
66,low_iid,5.32957432045,6.99108534476,0.0198786328032,0.48492898653,-0.349459663048,2.0126321182
66,spatial_corr,5.27986760708,7.05287753418,0.0197567622228,0.498648229531,-0.314051524841,2.08949771702
66,persistent_factor,5.57799504103,7.00168318014,0.0191280726217,0.481663909972,-0.425499831555,1.50019259994
67,clean,4.17476867497,6.0589463996,0.0266314599999,0.372935409205,-0.499541376351,1.50002909023
67,low_iid,4.56072394799,6.77026465247,0.0237549153259,0.448418089547,-0.528280326919,1.50000003499
67,spatial_corr,4.58807151132,6.69983353634,0.0238785273017,0.447621220816,-0.466934655642,1.50000165522
67,persistent_factor,4.56165231969,6.92025018334,0.0235836036368,0.441476209955,-0.527230497612,1.50002203734
68,clean,3.41341089316,8.01986321453,0.020789209995,0.324376679632,-0.683978726193,1.55129025189
68,low_iid,4.01592378383,7.7404599101,0.0186049610595,0.398343992256,-0.496952623897,1.54357919479
68,spatial_corr,4.15963117659,7.66983091413,0.0186709656683,0.390395795249,-0.48417643813,1.55309764529
68,persistent_factor,3.94779831549,7.30983280476,0.019233989516,0.3365475762,-0.53081670195,1.55008241162
69,clean,6.68678719805,6.28917044528,0.0206027514488,0.233512790915,-0.609018521115,1.50002513453
69,low_iid,7.15901292711,5.18025929331,0.020120970473,0.279245154302,-0.512014766383,1.58347437624
69,spatial_corr,7.26663487091,5.45429049287,0.0196978042768,0.255135135709,-0.527321642304,1.57322243008
69,persistent_factor,7.23038972939,6.52014763357,0.0190608399737,0.316744475867,-0.731535997353,1.92652304276
70,clean,3.93210529661,7.68461952462,0.020652674153,0.218005825279,-0.770387225091,1.50099716659
70,low_iid,4.36994680633,7.07401384034,0.0195864894734,0.224532563202,-0.778000784722,1.53576274605
70,spatial_corr,4.19237226962,7.01133311261,0.0196656366863,0.221959563045,-0.799983968605,1.50128185245
70,persistent_factor,4.22849422687,7.11273713552,0.0197249093063,0.296371358399,-0.79997295404,1.54661991418
71,clean,2.00008483701,6.69288700591,0.0246716302489,0.34080897837,-0.510685496204,1.65054689881
71,low_iid,2.00008483701,6.37115295768,0.0228692278738,0.419380994447,-0.50936312453,1.50001589153
71,spatial_corr,2.00008483701,6.21808136169,0.0230710177065,0.430120096683,-0.504564183901,1.50000001471
71,persistent_factor,2.00008478672,6.36618047398,0.0229736015293,0.437643448327,-0.531392705093,1.50002070092
72,clean,5.03417484598,7.1749608794,0.0206145718208,0.352330456911,-0.584625349475,1.50011737925
72,low_iid,5.31321372946,6.99203021267,0.0187170987597,0.440107270881,-0.576771529496,1.55909399083
72,spatial_corr,5.30792846997,6.76551665354,0.018773636656,0.414078670364,-0.53464301728,1.50015126618
72,persistent_factor,5.3696258246,7.04197645292,0.0187837788007,0.459801808808,-0.588541770203,1.54826171034
73,clean,4.57308283449,7.64834848773,0.020060073466,0.335972900326,-0.570572388649,1.50000344334
73,low_iid,4.87552873213,6.99529644416,0.0192498413655,0.220336919587,-0.513789423369,2.09379614455
73,spatial_corr,5.04913202138,6.10585292938,0.0198756585878,0.266256145808,-0.509889110883,1.52919882719
73,persistent_factor,5.09259466011,6.17686931168,0.0197586667919,0.250822977582,-0.494098416111,1.55123097143
74,clean,6.5638635701,8.37402240432,0.0185831503918,0.359486386626,-0.56852123482,1.50011063296
74,low_iid,6.61417715068,6.64075361978,0.0187132660005,0.353510142893,-0.506419930761,1.55291960847
74,spatial_corr,6.38773596157,6.29525265111,0.0192382809447,0.353812438251,-0.540320948885,1.50003715027
74,persistent_factor,6.2648528149,6.23780098586,0.019417788417,0.331842488978,-0.573392565914,1.50006571175
75,clean,4.19510491339,6.20979593819,0.0219246184284,0.361865159956,-0.389660431384,1.50011332837
75,low_iid,4.52316506902,5.99399225429,0.0200093611716,0.34125796758,-0.489216641096,1.50008266931
75,spatial_corr,4.70047599851,6.05816485422,0.0197431348999,0.365243079175,-0.370444877368,1.57985598958
75,persistent_factor,4.67183678316,6.12370817964,0.0193798190447,0.335563837124,-0.339478444516,1.5265469588
76,clean,6.14960827561,8.64890947526,0.0179401738993,0.412949446614,-0.450982735789,1.76554884501
76,low_iid,6.1860542887,7.36829945617,0.0181905528558,0.222426480274,-0.391754768425,2.44596155141
76,spatial_corr,6.52789886148,6.33074285018,0.017775748052,0.257544767638,-0.254139165222,1.50011219
76,persistent_factor,5.91890354344,6.57686270124,0.0189773047193,0.257572209662,-0.799795624017,1.9075991252
77,clean,2.00011733969,5.21069745527,0.0283413508393,0.371276070908,-0.654923714314,1.59702565632
77,low_iid,2.09407357877,5.31120640965,0.0254002046543,0.457932364508,-0.566112942362,1.50000338221
77,spatial_corr,2.13253853855,5.4045272774,0.0253112364616,0.461081869557,-0.577240021655,1.50012530945
77,persistent_factor,2.0097937094,5.36965710024,0.0256164689851,0.467016590689,-0.620800144652,1.50003600806
78,clean,7.45978402821,8.77740148563,0.0196711090874,0.337170964514,-0.428334321358,1.50001746971
78,low_iid,7.9064658002,8.99990760167,0.0178686584472,0.481978131462,-0.553486045915,1.58831843292
78,spatial_corr,7.39121552995,8.65176360732,0.019678288497,0.480182057457,-0.776121401827,1.80624787257
78,persistent_factor,7.99991516583,8.99933690141,0.0179276006208,0.461730969372,-0.558289857498,1.50012547398
79,clean,4.09391356633,5.22833929552,0.0216318411664,0.271704698662,-0.450340423638,1.5000370722
79,low_iid,4.6218845562,5.54289599859,0.0190606801409,0.222256750316,-0.782448215138,1.50014405138
79,spatial_corr,4.70215466668,5.69288062735,0.0181943140376,0.243138739082,-0.50027842986,1.50019102832
79,persistent_factor,4.88029961207,5.76165928931,0.0178502687859,0.214290881326,-0.390884129326,1.55919334112
80,clean,7.87276133478,6.62394767386,0.0215931682284,0.361888398159,-0.450024559079,1.50861473419
80,low_iid,7.99991516299,5.94882908815,0.0210809090178,0.329272350718,-0.607352464512,1.59596505406
80,spatial_corr,7.99991516299,5.81480533927,0.0209138495026,0.276266082279,-0.507282030584,1.5581386934
80,persistent_factor,7.99991516299,6.47328833601,0.0196004196681,0.405899262743,-0.305978107157,1.67694568536
81,clean,7.39812957572,8.98604861629,0.0179863876801,0.351048033627,-0.755970560433,1.50007526522
81,low_iid,7.75409109878,6.68613327512,0.0175210389077,0.268357861805,-0.526029608765,1.50364956153
81,spatial_corr,7.99991517375,7.98290552086,0.0161969421233,0.200432708702,-0.436470946261,1.91757120454
81,persistent_factor,7.45510012234,5.65059795246,0.0189293044292,0.270825641182,-0.525068587391,1.62666135646
82,clean,4.07477626198,4.90364570168,0.0267387099007,0.388063740108,-0.410361501122,1.50000752247
82,low_iid,4.50255234032,5.09094956719,0.0243159329251,0.4756636202,-0.481957842927,1.50001357423
82,spatial_corr,4.55531958303,5.10816919214,0.0244234846013,0.451458716112,-0.521832768578,1.50004020913
82,persistent_factor,4.41562084438,5.06039418694,0.024522189042,0.445047098649,-0.488317546409,1.50001932742
83,clean,7.29225197269,6.81501110042,0.0192922764465,0.360343313465,-0.35238067778,1.52838147756
83,low_iid,7.57601388054,5.20267061,0.0204468195096,0.244014391404,-0.529321683453,1.91944190033
83,spatial_corr,7.89260402552,5.42213769913,0.0191777521004,0.243202808274,-0.429985011121,1.5014375302
83,persistent_factor,7.86642268688,5.90565688173,0.0185545070619,0.237709001403,-0.459184946513,1.5445894374
84,clean,2.43822660137,7.54107315672,0.0205125186973,0.368924415664,-0.384917106921,1.71029866187
84,low_iid,2.47597598112,6.27639738292,0.0197255824132,0.25929299235,-0.533329848011,1.50696902801
84,spatial_corr,2.5156386045,6.10641363372,0.0203576308548,0.221322736359,-0.475528550222,1.71627971737
84,persistent_factor,2.4734944124,6.94853896233,0.019358758743,0.253615944216,-0.500715942958,1.9713707985
85,clean,2.94089235106,6.13347612258,0.0231440664331,0.312049420442,-0.522436799946,1.50000591839
85,low_iid,3.52127042374,6.42548418082,0.0198025206976,0.363529719317,-0.267246183448,1.50071609485
85,spatial_corr,3.41123518797,6.0929786269,0.0209874118441,0.325372312139,-0.413546373674,1.50029300042
85,persistent_factor,3.41601513712,6.78675961483,0.0209059903726,0.305533249236,-0.757956502287,1.50026649964
86,clean,7.9967501992,7.80121314832,0.0182719606053,0.352674560598,-0.323379774783,1.50000000128
86,low_iid,7.99991516711,6.19949112702,0.0191510150529,0.200179492835,-0.789115900641,1.50097015334
86,spatial_corr,7.99991517024,6.83668954945,0.0184575085687,0.230170859394,-0.722765453158,1.72879552205
86,persistent_factor,7.99991517036,6.3047670996,0.0192816573399,0.206855637366,-0.78580340482,1.67178756404
87,clean,6.41208243492,8.01587542007,0.0208049578464,0.200000363828,-0.681853108498,1.5001224058
87,low_iid,7.19723430555,7.99096983593,0.0193918218853,0.256874668376,-0.722444714469,1.64714512936
87,spatial_corr,7.16042995153,7.92027828343,0.0195398258329,0.256754217724,-0.752066573747,1.60451092072
87,persistent_factor,7.05960510322,8.00235185345,0.0192815804396,0.233698985588,-0.777277052609,1.63040213325
88,clean,6.72991331115,7.90060381555,0.0195809365184,0.369906881285,-0.38004170627,1.70826337128
88,low_iid,7.05302407689,6.62630969101,0.019183169828,0.295720080949,-0.550292669026,1.57078172659
88,spatial_corr,7.05630152952,7.61406985393,0.0168651734098,0.407549987427,-0.315528586679,1.5118359509
88,persistent_factor,7.10844272452,6.86856535987,0.0182463592986,0.337889351804,-0.336559579048,1.50002818299
89,clean,7.99991516299,7.16321077995,0.0207595173186,0.200130075087,-0.767165151533,1.59055691133
89,low_iid,7.99991516299,6.17604188234,0.0198202114435,0.362442267595,-0.560231850725,1.50007847134
89,spatial_corr,7.99991516299,6.12576948911,0.0199215276857,0.348133243808,-0.574780770981,1.5000958439
89,persistent_factor,7.99991516299,6.21320627616,0.0198513045034,0.376687096561,-0.578475767898,1.50017974987
90,clean,7.32655769286,5.44588246257,0.022737870433,0.341056022422,-0.450065512867,1.59326864838
90,low_iid,7.99991516299,5.44899027393,0.0202052581236,0.418271880227,-0.324476730399,1.74888337754
90,spatial_corr,7.99991516299,5.4849811231,0.0208108052109,0.41775757748,-0.404051273978,1.94293491893
90,persistent_factor,7.99991516299,5.23201839552,0.020522471393,0.321053760764,-0.420022463809,1.5258021442
91,clean,6.83645622744,7.63392721159,0.0203613429637,0.36526171525,-0.558500799999,1.58304311351
91,low_iid,7.49057683412,6.96041578353,0.0186171457138,0.419568196984,-0.36356604897,1.50010045553
91,spatial_corr,7.99991516299,8.48336484959,0.0168193430189,0.528055736022,-0.392670900208,1.50003429004
91,persistent_factor,7.68470580502,7.95334325712,0.0171384182827,0.492829725886,-0.286557084301,1.63510062335
92,clean,4.40797126674,7.08978599692,0.0216268585007,0.362781467367,-0.585908842602,1.50000064331
92,low_iid,5.09779703965,8.16021978745,0.0177995189997,0.50579386269,-0.456253190011,1.50017462028
92,spatial_corr,4.7534049417,7.55294994383,0.0189772822264,0.553124160028,-0.634974348316,1.5104224896
92,persistent_factor,5.13328306605,8.61811556324,0.0175598159889,0.50053406328,-0.588639292778,1.50013984244
93,clean,3.17071478218,7.14541500719,0.0214516736645,0.329980752107,-0.587617478255,1.50002018767
93,low_iid,3.6074940895,8.14879075608,0.0180665168832,0.475511753409,-0.532858385373,1.50018287527
93,spatial_corr,3.46763208661,7.96053596035,0.0180330819084,0.474557609613,-0.463439566155,1.50757521601
93,persistent_factor,3.49258553177,8.12006717617,0.0178016341855,0.474812867193,-0.438092631308,1.50017318029
94,clean,3.8897205548,5.9074232512,0.021954237171,0.322985849335,-0.507662474526,1.50000079538
94,low_iid,4.24080513102,5.68255497056,0.0199943018075,0.301286030655,-0.542366205034,1.50002824287
94,spatial_corr,4.31523317494,5.43905993825,0.0206455807192,0.31372710452,-0.596886984786,1.58187598351
94,persistent_factor,4.1735336595,5.6046311119,0.0201872049127,0.315508416096,-0.56262754403,1.50365259322
95,clean,6.89768867738,7.25052126639,0.0208161542408,0.201204396541,-0.766170310497,1.50081445965
95,low_iid,7.60907621397,6.36909780893,0.0196472906916,0.298837724089,-0.493968629944,1.50015463654
95,spatial_corr,7.99999191435,6.94136304182,0.0183731721654,0.280568766933,-0.201068182623,1.50012502593
95,persistent_factor,7.82209890253,6.56369105931,0.0195491064864,0.287251777113,-0.460907551836,1.50013491641
96,clean,4.32195975148,6.32902534861,0.0216447016985,0.359126194656,-0.471602853426,1.50000158447
96,low_iid,4.72114563652,6.85918938651,0.0184378365129,0.413119954199,-0.459106529094,1.50003613871
96,spatial_corr,4.89044405125,7.36414702383,0.0174244057971,0.504578823428,-0.286673310494,1.5055581046
96,persistent_factor,4.62358333756,6.10806973562,0.0193762622323,0.43385016077,-0.279839167749,1.61697603667
97,clean,5.74651611993,7.85331011997,0.0199926710964,0.3272413742,-0.566643823362,1.50000234581
97,low_iid,5.87711654673,6.78576384915,0.0201230547022,0.458700246278,-0.61843300421,1.56818093496
97,spatial_corr,5.89599524092,6.98570523872,0.0197484498862,0.462713389553,-0.60946340105,1.54951673702
97,persistent_factor,5.70168968169,6.85207288451,0.0197504239738,0.449370828002,-0.663221601457,1.51973517011
98,clean,4.65611452596,8.97686822238,0.0193171600029,0.399769321193,-0.534224247552,1.71687724969
98,low_iid,6.12432374423,7.36994147055,0.0192310531658,0.321990478622,-0.550695911337,1.74701954272
98,spatial_corr,5.01017187045,7.12697086489,0.0186427441459,0.386632191437,-0.364287197718,1.50001374142
98,persistent_factor,4.86264387509,6.73960876412,0.0197869335234,0.317601186263,-0.55361929652,1.50015737737
99,clean,6.27552251249,6.54191891983,0.0216688874357,0.339234983382,-0.386248425035,1.61633729454
99,low_iid,6.36393856958,7.0944926462,0.0197806867225,0.486856210747,-0.718551369805,1.50001374888
99,spatial_corr,6.48661008695,6.33272377118,0.0204674976383,0.461074929165,-0.534615915399,1.50000314022
99,persistent_factor,6.58933805846,6.63033549692,0.019597300952,0.438230882047,-0.558268777186,1.50188176769
